token,frequency
index,905
field,892
lucene,825
query,765
document,668
would,652
term,650
use,595
new,571
segment,530
one,505
file,499
value,470
could,461
like,442
search,441
class,433
doc,421
add,406
case,397
time,392
also,391
method,381
api,371
implementation,364
need,363
code,345
make,340
data,332
using,327
think,321
test,313
used,313
change,306
byte,276
reader,266
support,264
performance,259
filter,258
patch,255
user,251
thread,235
per,234
currently,231
work,230
based,223
instead,220
number,219
two,216
way,213
token,210
point,209
issue,206
current,202
memory,201
single,200
block,195
since,192
int,192
directory,190
list,188
indexing,188
set,187
read,185
stored,184
get,183
indexwriter,181
bit,178
instance,177
different,177
java,174
first,173
merge,173
string,171
codec,170
want,169
example,168
return,166
order,163
size,162
many,159
store,158
create,156
format,155
implement,155
ops,155
large,153
payload,153
see,153
level,152
thrpt,152
collector,151
object,150
default,150
allow,149
cache,148
module,147
long,147
etc,146
packedintsdecodebenchmark,146
call,145
result,143
much,142
write,142
even,141
idea,140
match,140
us,136
better,134
simple,132
name,131
may,131
multiple,130
array,129
thing,128
today,128
interface,128
open,127
provide,127
score,126
type,126
sort,126
still,125
possible,125
public,124
indexreader,123
buffer,122
take,119
added,119
posting,119
problem,119
approach,119
vector,118
might,118
searcher,117
access,116
hit,114
faster,112
every,111
position,110
another,109
without,109
done,108
solr,108
build,108
however,108
following,107
length,106
range,106
next,103
well,103
small,102
check,102
given,102
merging,102
facet,101
must,101
lot,101
compression,99
improve,97
logic,97
shape,97
non,96
version,96
feature,96
created,95
able,95
scorer,95
tree,94
know,94
algorithm,94
run,93
apache,92
improvement,91
really,90
indexsearcher,89
allows,89
already,89
top,89
separate,88
efficient,88
analyzer,88
remove,87
good,87
try,86
fst,86
usage,86
sorting,86
count,85
maybe,85
custom,85
update,85
prefix,84
sub,84
part,84
parser,84
ram,84
encode,83
weight,83
offset,82
adding,82
split,82
copy,80
something,80
needed,80
called,80
useful,80
directly,79
mean,79
docvalues,79
skip,78
norm,78
handle,78
across,77
start,76
sorted,76
binary,75
final,75
lock,75
several,75
distance,75
random,75
key,75
pas,74
always,74
output,74
place,74
system,73
throw,73
core,73
multi,72
merges,72
policy,72
move,71
collection,71
load,71
step,71
speed,70
application,70
old,69
similar,69
big,69
either,69
optimization,69
option,68
back,68
existing,68
rather,68
scoring,68
indexed,68
map,68
expose,68
keep,68
structure,68
source,68
reading,67
deleted,67
seems,66
information,66
writer,66
disk,66
iterator,65
less,65
deletes,65
private,65
float,65
look,65
path,65
encoding,64
fixed,64
commit,64
yet,64
least,64
available,64
made,64
overhead,63
end,63
functionality,63
whether,63
solution,63
actually,63
attribute,62
operation,62
requires,62
low,62
input,62
sure,62
common,62
nice,61
apis,61
boolean,61
spatial,61
cost,61
searching,61
contrib,60
abstract,60
high,60
provided,60
function,60
required,60
written,59
implemented,59
real,59
max,59
numeric,59
writing,59
necessary,59
find,58
stream,58
true,58
exception,58
note,57
org,57
making,57
caching,57
around,57
creating,56
simply,56
seek,55
codecs,55
specific,55
easy,55
control,55
leaf,55
space,55
nrt,55
text,54
package,54
benefit,54
dimension,54
word,53
require,53
dictionary,53
working,53
highlighter,53
contains,53
via,53
integer,52
extend,52
right,52
graph,52
ioexception,52
main,52
help,51
subclass,51
state,51
second,51
bulk,51
propose,51
writes,51
heap,50
sparse,50
within,50
double,49
flush,49
last,49
underlying,49
static,49
best,49
benchmark,48
explore,48
polygon,48
ability,48
faceting,48
fast,48
full,48
give,47
parameter,47
reason,47
docid,47
fieldcache,47
ordinal,47
entry,47
quite,47
storage,47
metadata,47
delete,47
suggestion,47
original,46
reuse,46
fix,46
perhaps,46
special,46
flexible,46
mapping,45
apply,45
internal,45
let,45
close,45
char,45
future,44
optimize,44
reopen,44
100,44
fact,44
reduce,44
id,44
cause,44
hold,44
unit,43
enable,43
track,43
never,43
due,43
provides,43
precision,43
storing,43
slow,43
total,43
enough,42
component,42
additional,42
analysis,42
side,42
easier,42
important,42
rewrite,42
concurrent,42
tokenstream,42
100000000,42
cpu,42
likely,41
chain,41
hard,41
break,41
impl,41
rule,41
avoid,41
node,41
process,41
date,40
context,40
easily,40
similarity,40
child,40
creates,40
branch,40
global,40
wrap,40
min,40
strategy,40
wrapper,40
compressed,39
ramdirectory,39
costly,39
collect,39
bkd,39
addition,39
mechanism,39
parallel,39
clause,39
null,39
task,39
phase,39
took,38
introduce,38
join,38
previous,38
save,38
particular,38
form,38
merged,38
including,38
general,38
false,38
though,38
lookup,38
boost,38
found,38
advance,38
super,38
bound,38
running,38
grouping,37
design,37
numericencoder,37
increase,37
therefore,37
discussion,37
matching,37
optimized,37
little,37
primary,36
come,36
backwards,36
turn,36
impact,36
noformat,36
parent,36
initial,36
content,36
proposal,36
suggest,36
cardinality,36
short,36
improved,36
replace,36
info,36
reference,35
related,35
basic,35
expensive,35
opening,35
override,35
software,35
indexinput,35
advantage,35
detail,35
attached,34
packed,34
shared,34
standard,34
longer,34
readlongs,34
box,34
sequence,34
later,34
extends,33
limit,33
limitation,33
alternative,33
decodesimd,33
decodenaivefromlongs,33
automatically,33
inside,33
tag,33
probably,33
slice,33
decodenaivefrombytes,33
property,33
contain,33
ints,33
void,33
share,32
various,32
extension,32
filtering,32
refactoring,32
complex,32
assertequals,32
pattern,32
retrieve,32
compute,32
automaton,31
base,31
queryparser,31
early,31
compatibility,31
certain,31
proposed,31
threshold,31
complete,31
lead,31
accept,31
table,31
direct,31
loaded,31
tool,31
interesting,31
column,31
possibility,31
fully,31
mode,31
phrase,31
unique,31
pool,31
slower,31
produce,31
basically,30
packed64,30
often,30
offer,30
fsdirectory,30
post,30
highlight,30
project,30
whole,30
smaller,30
character,30
segmentreader,30
people,30
mask,30
link,30
stuff,30
lower,30
framework,30
factory,30
fragment,30
compared,29
applied,29
thought,29
trying,29
layer,29
thus,29
going,29
refactor,29
product,29
please,29
stage,29
providing,29
efficiently,29
larger,29
especially,29
entire,29
jar,29
span,29
forward,29
addindexes,29
neighbor,29
dict,29
unnecessary,29
opened,28
protected,28
searchable,28
constant,28
wildcard,28
constructor,28
dev,28
built,28
show,28
difference,28
happens,28
error,28
great,28
edge,28
updated,28
scale,28
iteration,28
capability,28
switch,28
purpose,28
building,28
suffix,28
configuration,28
extra,27
deprecated,27
compound,27
gain,27
depending,27
implementing,27
decide,27
request,27
ideally,27
sense,27
behavior,27
iterate,27
higher,27
course,27
directoryreader,27
specified,27
allowing,27
abstraction,27
minimum,26
modified,26
become,26
consumer,26
follow,26
external,26
soon,26
introduced,26
sync,26
actual,26
hand,26
server,26
far,26
individual,26
clone,26
away,26
amount,26
line,26
encrypted,26
concrete,26
apps,26
syntax,26
changed,26
multisearcher,26
generic,26
hnsw,26
gradle,26
say,26
free,26
language,26
impls,26
situation,25
retrieval,25
ratio,25
replacement,25
requirement,25
recently,25
removed,25
speedup,25
setting,25
group,25
anything,25
removing,25
suggester,25
perform,24
optional,24
three,24
booleanquery,24
target,24
testing,24
include,24
define,24
cell,24
triangle,24
suggested,24
otherwise,24
sign,24
bytebuffer,24
synonym,24
started,24
enabled,24
association,24
put,24
ords,24
trie,24
goal,24
spinoff,24
drill,24
difficult,23
combine,23
factor,23
concurrency,23
decode,23
pre,23
relevant,23
pretty,23
conjunction,23
trunk,23
passed,23
highlighting,23
encryption,23
model,23
moving,23
grid,23
jvm,23
understand,23
bounding,23
cf,23
exact,23
choose,23
specify,23
overall,23
flushed,23
category,23
together,23
exactly,23
service,23
fairly,22
almost,22
expert,22
dimensional,22
database,22
qps,22
simplify,22
compare,22
else,22
concept,22
simpler,22
changing,22
address,22
synchronization,22
effort,22
util,22
handling,22
interval,22
worst,22
quickly,22
modify,22
consider,22
allocation,22
oracle,22
vint,22
searchables,22
whatever,22
previously,22
significant,22
scenario,22
mantissa,21
fine,21
supported,21
cached,21
loading,21
construct,21
distributed,21
jira,21
clear,21
exponent,21
queue,21
docfreq,21
live,21
delta,21
maximum,21
expected,21
encoded,21
sometimes,21
finally,21
feedback,21
everything,21
care,21
refresh,21
termsenum,21
missing,21
visit,21
statistic,21
seen,21
basis,21
postingsformat,21
kind,21
compress,21
completely,21
happen,21
valued,21
deletion,21
nearest,21
according,20
matched,20
dense,20
decoding,20
label,20
generation,20
entirely,20
consume,20
log,20
behind,20
slightly,20
hitcollector,20
000,20
remote,20
described,20
execution,20
composite,20
tested,20
along,20
flushing,20
clean,20
insert,20
dependency,20
bitset,20
outside,20
prototype,20
calling,20
filesystem,20
typically,20
dynamic,19
resource,19
robert,19
eventually,19
logging,19
atomic,19
bytesref,19
attempt,19
potentially,19
mostly,19
supporting,19
equal,19
looking,19
skipping,19
environment,19
modification,19
decodesimplesimd,19
fit,19
candidate,19
allowed,19
force,19
condition,19
although,19
near,19
expression,19
freqs,19
indexreaders,19
reasonable,19
flex,19
record,19
documentswriter,19
synchronized,19
variable,19
internally,19
plan,19
defined,19
commits,19
lazy,19
ordinalmap,19
past,19
delegate,19
ord,19
corresponding,19
reused,19
client,19
generate,19
deprecate,19
quick,18
frequency,18
pointer,18
topdocs,18
ant,18
tokenizer,18
expect,18
counting,18
indexer,18
variant,18
discussed,18
present,18
deal,18
possibly,18
priority,18
relationship,18
upon,18
exist,18
member,18
title,18
wrapping,18
copied,18
enables,18
becomes,18
appropriate,18
exists,18
thanks,18
resulting,18
complexity,18
snapshot,18
packedints,18
comment,18
buffered,18
figure,18
consistent,18
geo,18
convert,18
configure,18
linear,18
ranking,18
flexibility,17
stride,17
1024,17
practice,17
independent,17
tiny,17
explicitly,17
proper,17
moved,17
nothing,17
resolve,17
recent,17
segmentmerger,17
bad,17
occur,17
docids,17
bucket,17
processing,17
library,17
inefficient,17
dwpt,17
includes,17
whenever,17
hook,17
lz4,17
couple,17
usually,17
hierarchy,17
separately,17
extending,17
consumption,17
item,17
significantly,17
moment,17
fieldtype,17
wanted,17
except,17
normal,17
towards,17
pick,17
handled,17
specifically,17
documentation,17
equivalent,17
fill,17
prior,17
querying,17
compatible,17
view,17
worth,17
builder,17
trivial,17
affect,17
heavy,17
pipeline,17
returned,16
average,16
closed,16
indexoutput,16
extended,16
applies,16
bufferedindexinput,16
keeping,16
calculation,16
boundary,16
unifiedhighlighter,16
representation,16
overlay,16
someone,16
maintain,16
memoryindex,16
elasticsearch,16
area,16
correctly,16
correct,16
partition,16
attach,16
sequential,16
prevent,16
128,16
mergepolicy,16
regular,16
anymore,16
inner,16
window,16
fieldcomparator,16
multireader,16
progress,16
appear,16
processor,16
developer,16
known,16
hash,16
machine,16
event,16
stemming,16
pending,16
drillsideways,16
included,16
bug,16
safe,15
sortfield,15
empty,15
tried,15
mike,15
temporary,15
freq,15
anyway,15
properly,15
question,15
year,15
leave,15
duplicate,15
checked,15
others,15
creation,15
copying,15
intersection,15
collectormanager,15
retrieving,15
reverse,15
limited,15
starting,15
deleting,15
effect,15
caller,15
loop,15
developed,15
termquery,15
experiment,15
ctor,15
fieldinfos,15
follows,15
stats,15
tell,15
app,15
priorityqueue,15
specialized,15
minimize,15
quote,15
potential,15
noticed,15
datainput,15
schema,15
depend,15
leverage,15
stop,15
wait,15
verify,15
release,14
page,14
pulsing,14
assume,14
segmentinfos,14
ref,14
local,14
introduces,14
left,14
auto,14
throughput,14
seem,14
threaded,14
half,14
beginning,14
generated,14
foundation,14
choice,14
wikipedia,14
incomplete,14
twice,14
frequent,14
keyword,14
compact,14
ideal,14
distribution,14
somehow,14
scoredocs,14
produced,14
comparison,14
guarantee,14
got,14
advanced,14
select,14
latter,14
trade,14
descriptor,14
decrease,14
mind,14
arbitrary,14
relies,14
interested,14
associated,14
baseline,14
fieldinfo,14
light,14
geopointfield,14
console,14
po,14
idf,14
junit,14
cutover,14
thinking,14
javadocs,14
xml,14
chunk,14
indexwriterconfig,14
front,14
collected,14
matter,14
computation,14
additionally,14
job,14
native,14
rely,14
older,14
recall,14
feel,14
parsing,14
replication,14
visitor,14
distinct,14
mentioned,14
docidset,14
contained,13
pull,13
scoredoc,13
engine,13
geometry,13
aspect,13
represents,13
sinhala,13
construction,13
friendly,13
came,13
dir,13
attrs,13
hadoop,13
believe,13
checking,13
pure,13
enum,13
accessed,13
topdocscollector,13
responsibility,13
executed,13
session,13
rename,13
batch,13
jump,13
segmentreaders,13
ensure,13
wrote,13
overridden,13
stemmer,13
respect,13
ever,13
longs,13
1000,13
configured,13
lazily,13
tradeoff,13
lat,13
tokenfilter,13
determine,13
huge,13
setup,13
newly,13
plus,13
subreaders,13
laststring,13
nextstring,13
combination,13
round,13
rewritten,13
normally,13
compat,13
suggestfield,13
inverted,13
unified,13
assumption,13
intersects,13
parallelmultisearcher,13
arc,13
designed,13
performing,13
demand,13
considered,13
motivation,13
imagine,13
encodes,13
essentially,13
computing,13
cluster,13
caused,13
taxonomy,13
center,13
utility,13
manage,13
holding,13
represent,12
flag,12
plain,12
rollup,12
attributesource,12
reduced,12
straightforward,12
rpt,12
sampling,12
rectangle,12
unfortunately,12
folder,12
locking,12
filteredquery,12
approximation,12
soft,12
lockfactory,12
experimental,12
cassandra,12
somewhat,12
comparator,12
suspect,12
fewer,12
guess,12
involved,12
filtered,12
concurrently,12
geo3d,12
contention,12
txt,12
color,12
diff,12
javadoc,12
dims,12
negative,12
million,12
termdocs,12
depends,12
fuzzy,12
sum,12
bm25,12
pair,12
hashmap,12
closing,12
worse,12
catch,12
serialization,12
buffering,12
combined,12
permission,12
profiler,12
wrapped,12
payloadlength,12
hour,12
maintaining,12
scope,12
latlonpoint,12
visible,12
semantics,12
cleanup,12
continue,12
root,12
fail,12
manager,12
operator,12
optimal,12
row,12
computed,12
garbage,12
immediately,12
getting,12
passing,12
mailing,12
occurrence,12
contribution,11
optionally,11
containing,11
day,11
blob,11
accepted,11
performs,11
slot,11
action,11
termination,11
workaround,11
applying,11
runtime,11
decision,11
git,11
mmapdirectory,11
ask,11
precommit,11
ivfflat,11
complicated,11
occurs,11
facetscollector,11
cm,11
detect,11
bottleneck,11
deflate,11
concern,11
kept,11
replaced,11
config,11
icu,11
rate,11
explain,11
solve,11
management,11
assign,11
dedicated,11
worked,11
taken,11
subsequent,11
treat,11
fieldname,11
aggregate,11
hundred,11
cross,11
retry,11
valid,11
circle,11
architecture,11
appears,11
iterating,11
readbyte,11
todo,11
play,11
instruction,11
param,11
dataoutput,11
gap,11
setter,11
contribute,11
stack,11
background,11
eclipse,11
switching,11
bytesrefhash,11
frq,11
message,11
furthermore,11
fails,11
ordered,11
regard,11
approximate,11
ahead,11
shard,11
cut,11
perf,11
singleton,11
opinion,11
originally,11
configurable,11
experience,11
totally,11
grow,11
fieldable,11
biggest,11
manner,11
searchermanager,11
mark,11
fdt,11
subset,11
selected,11
remains,10
del,10
consuming,10
ultimately,10
chance,10
finish,10
extract,10
major,10
spatialstrategy,10
lon,10
tokenizers,10
comparing,10
technique,10
returning,10
anyone,10
terminfo,10
upgrade,10
hope,10
classification,10
src,10
fixedbitset,10
impossible,10
finished,10
hood,10
header,10
fuzzysuggester,10
expansion,10
facade,10
production,10
act,10
iterators,10
fieldsstream,10
kuromoji,10
bzip,10
reduces,10
spent,10
disjunction,10
fuzzyquery,10
minimal,10
oriented,10
transition,10
serialized,10
jdk,10
integration,10
committed,10
rmi,10
realtime,10
meaning,10
roughly,10
queryvisitor,10
reducing,10
finding,10
remain,10
leafreader,10
achieve,10
absolute,10
competitive,10
report,10
nan,10
effectively,10
precise,10
aware,10
unless,10
failure,10
tokenstreams,10
latest,10
pass,10
remotesearchable,10
element,10
introducing,10
proposes,10
nfs,10
ignore,10
third,9
normfactors,9
gram,9
thousand,9
modifying,9
downside,9
failed,9
periodically,9
execute,9
scan,9
tail,9
ago,9
ioe,9
latency,9
removal,9
timeout,9
none,9
overlap,9
eliminate,9
disi,9
allocate,9
debugging,9
maintained,9
sandbox,9
pbf,9
simpletext,9
intern,9
suite,9
cleaner,9
saw,9
location,9
mbr,9
miss,9
identical,9
fall,9
incoming,9
shortly,9
classpath,9
latlng,9
charsequence,9
multitermquery,9
tricky,9
aggregation,9
decompress,9
numerics,9
prevents,9
improves,9
everyone,9
pluggable,9
host,9
accuracy,9
reusable,9
account,9
constructing,9
migration,9
meta,9
ton,9
ran,9
valuesource,9
nio,9
preserve,9
backed,9
openinput,9
traversing,9
helper,9
docidsetiterator,9
whose,9
rewriting,9
sharing,9
hole,9
allocated,9
termvector,9
fly,9
obtain,9
obtained,9
whitespace,9
coding,9
direct64,9
wasted,9
sample,9
opportunity,9
num,9
positive,9
fieldsreader,9
exploring,9
argument,9
simplified,9
yes,9
ready,9
particularly,9
reopening,9
usual,9
frequently,9
reflection,9
criterion,9
unused,9
rest,9
safety,9
accepts,9
readbytes,9
mmapindexinput,9
formatting,9
cloning,9
docmaker,9
relatively,9
startup,9
termattribute,9
latlonshape,9
positiondelta,9
requested,9
quantization,9
seed,9
theory,9
converting,9
parallelwriter,9
primitive,9
decoder,9
checkindex,8
postinglist,8
cachingwrapperfilter,8
upper,8
integrate,8
waste,8
realized,8
loss,8
responsible,8
longvalues,8
readerpool,8
minor,8
desired,8
efficiency,8
metric,8
lowest,8
params,8
sufficient,8
customize,8
wonder,8
wrong,8
constantscorequery,8
collation,8
fashion,8
happened,8
portion,8
plural,8
contract,8
conversion,8
entered,8
compareto,8
ast,8
increasing,8
reset,8
allocates,8
behave,8
invocation,8
sec,8
completionquery,8
section,8
redistribution,8
nextposition,8
increased,8
initialization,8
intersecting,8
improving,8
vints,8
prox,8
separated,8
termpositions,8
producer,8
traversal,8
intermediate,8
exposing,8
sizable,8
happy,8
2425,8
visited,8
body,8
develop,8
transparent,8
naming,8
description,8
regex,8
odd,8
stem,8
intended,8
totalhits,8
hitqueue,8
ndocs,8
nextdoc,8
generalize,8
fieldselector,8
blocking,8
immutable,8
delay,8
decompression,8
divide,8
topfieldcollector,8
leading,8
relative,8
desirable,8
queryweight,8
somebody,8
unicode,8
notice,8
attributeimpl,8
world,8
reusing,8
raw,8
restriction,8
hence,8
geospatial,8
powerful,8
standardanalyzer,8
callback,8
platform,8
receive,8
fieldsconsumer,8
analyzingsuggester,8
sortedset,8
tii,8
wasteful,8
mirror,8
prefer,8
aggressive,8
memorycachedrangefilter,8
greatly,8
mmap,8
classifier,8
truly,8
zero,8
marked,8
submit,8
infostream,8
capture,8
decouple,8
ordering,8
focus,8
spend,8
confusing,8
500,8
bring,8
confirmed,8
ltc,8
causing,8
quad,8
geohash,8
relevance,8
net,8
explanation,8
relation,8
fsts,8
compelling,8
compositereader,8
traditional,8
assigned,8
monitor,8
interleaved,8
readint,8
backward,8
hardware,8
performed,8
binding,8
requiring,8
linked,8
simd,8
go,8
complement,8
zstandard,8
analyzed,8
planning,8
analyzing,8
pfor,8
listener,8
consumed,8
validation,8
randomly,8
shift,7
bunch,7
typical,7
managing,7
obvious,7
vice,7
piece,7
surface,7
located,7
skipped,7
disabled,7
redundant,7
delegating,7
intersectvisitor,7
asked,7
8192,7
1048576,7
debug,7
runner,7
exposed,7
renaming,7
enabling,7
parse,7
price,7
highly,7
consumes,7
weak,7
among,7
tokenized,7
adddocument,7
hot,7
intersect,7
looked,7
ngramsynonymtokenizer,7
stopwords,7
likewise,7
stay,7
domain,7
wish,7
scaling,7
welcome,7
cloned,7
gzip,7
readvint,7
consistency,7
probing,7
review,7
successful,7
direct32,7
bitspervalue,7
grained,7
tokenstreamcomponents,7
mergescheduler,7
filteredtermsenum,7
direction,7
script,7
sun,7
analyze,7
snippet,7
tokensources,7
prefixquery,7
hierarchical,7
role,7
storedfieldsformat,7
history,7
compressing,7
minute,7
tracking,7
fielddata,7
generates,7
computer,7
decides,7
style,7
summary,7
shingle,7
spin,7
consolidate,7
greater,7
security,7
rotating,7
discussing,7
extreme,7
assert,7
nature,7
contentsource,7
obviously,7
hopefully,7
instantiate,7
constructed,7
dim,7
said,7
simplest,7
challenge,7
rebuild,7
sensitive,7
confirm,7
replacing,7
conf,7
indexcache,7
spatial4j,7
pay,7
master,7
replica,7
drawback,7
unlike,7
hashset,7
beyond,7
manages,7
dynamically,7
representing,7
dealing,7
smart,7
clearly,7
computes,7
locate,7
bytebuffers,7
community,7
trappy,7
identify,7
uri,7
executor,7
pooling,7
com,7
operating,7
inline,7
proxfile,7
unicastremoteobject,7
completion,7
partial,7
getter,7
belongs,7
sideways,7
numericrangequery,7
executing,7
transformation,7
trap,7
listing,7
checksum,7
prepared,7
automatic,7
cheaper,7
refreshes,7
belong,7
active,7
knn,7
fold,7
accurately,7
updating,7
positional,7
abort,7
independently,7
accurate,7
supply,7
occurring,7
treemap,7
unlikely,7
gen,7
discus,7
sorteddocvalues,7
tee,7
serialize,7
tokenfilters,7
phrasequery,7
besides,7
migrate,7
uniformsplit,7
availability,7
rendering,7
stupid,7
enhancement,7
skipinterval,7
edit,7
parallelreader,7
optimizing,7
avoids,7
paper,7
8388608,7
award,6
represented,6
endian,6
coded,6
nearly,6
dataset,6
512,6
setreader,6
segmenttermdocs,6
baby,6
bkdwriter,6
conjunctiondisi,6
conflict,6
sized,6
prx,6
aggregator,6
facetrequest,6
facetsaccumulator,6
overlapping,6
push,6
docskip,6
weakhashmap,6
popular,6
png,6
arabic,6
lack,6
partitioning,6
contextquery,6
pain,6
exponential,6
aside,6
acknowledgment,6
congruent,6
copyright,6
0000,6
invalid,6
turned,6
contextsuggestfield,6
hairy,6
nocommits,6
offlinesorter,6
earlier,6
suggestindexsearcher,6
hide,6
completed,6
week,6
distinguish,6
punctuation,6
fixing,6
attr,6
fair,6
broken,6
plugin,6
stale,6
plane,6
overhaul,6
york,6
inherited,6
status,6
coordinate,6
deletedocuments,6
rough,6
avoiding,6
performant,6
silly,6
ibm,6
termstate,6
team,6
propagate,6
slf4j,6
behaviour,6
web,6
initialized,6
face,6
usable,6
saving,6
dependent,6
remaining,6
trick,6
solves,6
heuristic,6
initialize,6
derived,6
negligible,6
whereas,6
weakreference,6
tackle,6
period,6
resolved,6
decorator,6
logger,6
phraseinfo,6
scored,6
cacheable,6
standalone,6
documented,6
alternate,6
involves,6
consist,6
async,6
modular,6
guaranteed,6
renamed,6
hotel,6
snappy,6
svn,6
init,6
immediate,6
ifield,6
getreader,6
arguably,6
predicate,6
incremental,6
saved,6
upgrader,6
manually,6
manifest,6
singular,6
fieldnumber,6
ticket,6
executorservice,6
proximity,6
observed,6
regardless,6
weighted,6
implied,6
selection,6
led,6
customized,6
waiting,6
compromise,6
named,6
apart,6
floating,6
ensuring,6
held,6
lost,6
invoke,6
transaction,6
javacc,6
recursion,6
scratch,6
development,6
termscorer,6
answer,6
rollback,6
walk,6
testparallelmultisearcher,6
spatialprefixtree,6
sql,6
filename,6
assuming,6
differently,6
profiling,6
parallelcompositereader,6
command,6
timestamp,6
swap,6
descending,6
refer,6
termenum,6
filesystems,6
forcing,6
2048,6
segmentinfo,6
getpostingsformatforfield,6
win,6
balanced,6
visiting,6
bigger,6
pruning,6
teecodec,6
yield,6
constraint,6
sugar,6
perfieldcodecwrapper,6
released,6
html,6
print,6
annoying,6
advanceexact,6
median,6
region,6
useless,6
dfs,6
pressure,6
getters,6
annotation,6
terminate,6
generally,6
finer,6
self,6
serializeddvstrategy,6
life,6
searched,6
intblock,6
cover,6
mutable,6
rid,6
maxdoc,6
import,6
maxskiplevels,6
indexfiledeleter,6
2nd,6
trigger,6
forced,6
brought,6
consists,6
hack,6
compoundfilewriter,6
decided,6
cast,6
sink,6
comparable,6
msta,6
involve,6
strict,6
buf,6
infinity,6
encodetohex,6
stress,6
termvectormapper,6
serve,6
versa,6
append,6
mybenchmark,6
readable,6
human,6
hello,6
tessellator,6
testcase,6
closesubreaders,6
imo,6
duplication,6
selects,6
allocating,6
lruquerycache,6
serf,6
pointvalues,5
sent,5
nobody,5
gradually,5
wildcards,5
embedded,5
mappeddocid,5
emit,5
abc,5
irc,5
indexablefield,5
morphological,5
geoshape,5
search2,5
entity,5
everywhere,5
frozen,5
overriding,5
internals,5
parallelize,5
committing,5
describe,5
leafreadercontext,5
frog,5
leap,5
bulkscorer,5
density,5
grammar,5
println,5
modern,5
persistent,5
varhandles,5
searchstrategy,5
frustrating,5
taking,5
raise,5
relying,5
populate,5
happening,5
dangerous,5
forth,5
copyfrom,5
deep,5
numdocs,5
critical,5
facetresult,5
square,5
multisearcherthread,5
precedence,5
suitable,5
diskdv,5
newer,5
wise,5
scanning,5
depth,5
recursioncap,5
submitted,5
evaluate,5
certainly,5
termbuffer,5
2011,5
neat,5
tends,5
incrementally,5
dramatically,5
blog,5
docsenum,5
testmultisearcher,5
psdp,5
grab,5
categorypath,5
similarly,5
attributedtoken,5
oal,5
encoder,5
blocked,5
synonymfilter,5
became,5
liability,5
lifecycle,5
randomized,5
mtq,5
levenshtein,5
deviation,5
addressed,5
secondary,5
sequentially,5
series,5
curious,5
preflex,5
ngram,5
spell,5
numericdocvalues,5
alreadyclosedexception,5
defer,5
fallback,5
committable,5
drop,5
getmultisearcherinstance,5
revision,5
injection,5
effective,5
four,5
ti,5
extensibility,5
provider,5
refactorings,5
scene,5
footprint,5
segmentwritestate,5
protection,5
rank,5
detailed,5
prefixtreestrategy,5
adapter,5
investigate,5
nightly,5
mysql,5
acceptable,5
naive,5
unnecessarily,5
shouldnt,5
anywhere,5
strange,5
hotspot,5
investigation,5
convenient,5
bottom,5
month,5
preliminary,5
iterable,5
omitnorms,5
overview,5
cool,5
mess,5
substantially,5
harder,5
thats,5
showing,5
jflex,5
proxstream,5
satisfy,5
retrieved,5
floor,5
refactored,5
dtests,5
considerably,5
concordance,5
guide,5
parallelism,5
spanquery,5
generalized,5
shall,5
unifiedname,5
classloading,5
python,5
beneficial,5
optimizes,5
deadlock,5
leak,5
network,5
exceeds,5
facility,5
docvalue,5
onto,5
recommended,5
concurrenthashmap,5
managed,5
crash,5
tolerant,5
corruption,5
identifier,5
port,5
nested,5
aim,5
assumes,5
thrown,5
measured,5
am,5
serializer,5
notion,5
instanceof,5
replicatingdirectory,5
coupled,5
aborting,5
duration,5
statement,5
docset,5
discard,5
profile,5
writevint,5
jvms,5
docvaluesconsumer,5
minshouldmatch,5
reuses,5
promote,5
party,5
hidden,5
mainly,5
enums,5
831,5
weakidentitymap,5
nrtcachingdirectory,5
amenable,5
guy,5
inserted,5
enforce,5
totalboost,5
specialize,5
radius,5
foo,5
central,5
adriano,5
inspired,5
convenience,5
collecting,5
queryfactory,5
topscoredoccollector,5
docstate,5
knowledge,5
iterated,5
keywords,5
getsearcher,5
fieldswriter,5
volatile,5
definition,5
isbinary,5
cheap,5
compilation,5
incrementtoken,5
subphrasequery,5
warning,5
straight,5
mix,5
reproduce,5
research,5
counter,5
rare,5
dfas,5
getvalues,5
querywrapperfilter,5
automated,5
maxdistance,5
defines,5
readonly,5
simplification,5
dot,5
updateable,5
stand,5
increment,5
sortedsetdocvalues,5
leaving,5
alot,5
letting,5
tied,5
tightly,5
appreciate,5
route,5
boosted,5
consolidating,5
queryparsers,5
afford,5
lexicon,5
settermbuffer,5
jan,5
getpayload,5
serious,5
idle,5
avoided,5
grows,5
accounting,5
fieldcacheimpl,5
toarray,5
placed,5
accessing,5
tmp,5
bitsets,5
splitting,5
intensive,5
buggy,5
dfa,5
packedvalue,5
valueaccessor,5
docvaluesnumbersquery,5
reopens,5
gettopchildren,5
corner,5
geopolygon,5
modifies,5
extensible,5
ignored,5
hoping,5
adapt,5
blocktree,5
compressor,5
123,5
carry,5
indicate,5
encoders,5
favor,5
supplied,5
fnm,5
regexp,5
realize,5
interest,5
globally,4
stemmed,4
unstemmed,4
calculate,4
aka,4
trec,4
fixedlengthlist,4
variablelengthlist,4
skiplist,4
drive,4
heavily,4
ten,4
author,4
helpful,4
256,4
simulate,4
duplicated,4
technology,4
threading,4
choosing,4
distinction,4
wasting,4
consideration,4
readshort,4
disable,4
highlighted,4
linux,4
reusestrategy,4
reusableanalyzerbase,4
reusabletokenstream,4
atomicreader,4
partially,4
normalisation,4
received,4
repeated,4
functional,4
conditional,4
filechannel,4
implicit,4
nrm,4
coming,4
reindexing,4
altogether,4
topmostsearcher,4
cassandradirectory,4
family,4
retain,4
disclaimer,4
sqrt,4
commerce,4
maintains,4
1mb,4
pfcw,4
normalization,4
geohashutils,4
hashcode,4
defining,4
namespace,4
enormous,4
archiving,4
lengthnorm,4
standardtokenizer,4
giving,4
remoting,4
breaking,4
varhandle,4
intend,4
repository,4
searchers2,4
replaces,4
registered,4
online,4
tokenization,4
scheme,4
organized,4
wherever,4
forked,4
gpu,4
cartesian,4
vary,4
reasonably,4
archive,4
encapsulate,4
tuning,4
surprisingly,4
spt,4
doublevalues,4
corereaders,4
seg,4
stddev,4
abstractfield,4
indicates,4
topsuggestdocs,4
chartermattribute,4
fieldtypes,4
joining,4
termsquery,4
dvs,4
accessible,4
wind,4
ides,4
bother,4
searchers3,4
dvconsumer,4
seeking,4
reside,4
pivot,4
aes,4
willing,4
strong,4
importantly,4
tvx,4
tvd,4
skipbytes,4
bytesstore,4
32kb,4
suffers,4
bulkpostings,4
alter,4
vertex,4
separation,4
enhance,4
2004,4
license,4
recommendation,4
rpc,4
practical,4
point2d,4
encountered,4
writebytes,4
freqfile,4
whereby,4
thin,4
down,4
grouped,4
upload,4
getspans,4
multifields,4
accordingly,4
synthetic,4
warranty,4
cipher,4
strongly,4
decoupled,4
introsorter,4
bkdreader,4
doesnt,4
multicollector,4
scalable,4
airport,4
achieved,4
wiki,4
overkill,4
analyzingsugg,4
sharding,4
hurt,4
fastvectorhighlighter,4
skipdatum,4
inf,4
pairoutputs,4
union,4
arraylist,4
signature,4
optimisation,4
encounter,4
emits,4
conversation,4
stateful,4
intuitive,4
definitely,4
infrastructure,4
blockpackedreader,4
enumeration,4
reduction,4
writebyte,4
selective,4
cohesion,4
geoshapes,4
kick,4
opposite,4
lifetime,4
charbuffer,4
spellchecker,4
subject,4
perfect,4
extremely,4
smarter,4
modulename,4
parallelization,4
trace,4
128946,4
hunspell,4
decodes,4
pooled,4
plenty,4
textfield,4
filteringcodec,4
mirroring,4
layout,4
filling,4
organize,4
ported,4
consecutive,4
playing,4
starter,4
prune,4
foreign,4
citizen,4
planet,4
head,4
termvectortokenselector,4
listed,4
degree,4
resolution,4
hate,4
customization,4
workarounds,4
treating,4
sortedsetdv,4
terminfoswriter,4
unknown,4
discover,4
arrangement,4
transliteration,4
rcmuir,4
deduplicate,4
cleaned,4
indirection,4
permit,4
illustrate,4
644730,4
indexstream,4
readlong,4
github,4
precisely,4
targeting,4
accumulator,4
binarydocvalues,4
reflect,4
extensive,4
learning,4
packed64singleblock21,4
coverage,4
customizable,4
sep,4
comparators,4
mecab,4
dimensionalformat,4
pulled,4
millisecond,4
red,4
umlaut,4
waitformerges,4
rangefield,4
persistency,4
precomputed,4
warm,4
packing,4
cloud,4
copyto,4
somewhere,4
displayed,4
querymaker,4
maven,4
majority,4
risk,4
display,4
affected,4
mmapped,4
processed,4
translate,4
solved,4
damage,4
substitute,4
setlength,4
codebase,4
indexoptions,4
terminfosreader,4
numericfield,4
utilizing,4
populated,4
indexingchain,4
locality,4
terminsetquery,4
subclassing,4
originating,4
japanese,4
ignoring,4
bs2,4
topic,4
upgraded,4
dump,4
neither,4
initially,4
payloadattribute,4
inexact,4
maybemerge,4
expungedeletes,4
balance,4
ongoing,4
safer,4
arg,4
overwrite,4
forbidden,4
10,4
font,4
decomposed,4
decomposing,4
triangular,4
mesh,4
image,4
701,4
showed,4
introduction,4
linedocmaker,4
indexablebinarystringtools,4
poc,4
brings,4
concurrentmergescheduler,4
howmany,4
setscorer,4
occasionally,4
beside,4
deduplication,4
segmenttermenum,4
medium,4
compressingstoredfieldsformat,4
getsimilarity,4
granularity,4
hdfs,4
299943,4
240000,4
visibility,4
jpountz,4
asynchronously,4
awkward,4
container,4
sound,4
registry,4
captured,4
supposed,4
rangequery,4
ought,4
dont,4
simplistic,4
npe,4
skipto,4
ann,4
computenorm,4
sim,4
varint,4
controversial,4
combining,4
lived,4
validate,4
problematic,4
prefixtree,4
recycle,4
reasoning,4
appendable,4
hint,4
pity,4
bitpattern,4
err,4
ugly,4
termvectors,4
basecompositereader,4
adjust,4
sparsefixedbitset,4
accountable,4
incorporating,4
warmup,4
datasets,4
logarithmic,4
skiplevel,4
alternatively,4
fieldvaluefilter,4
gave,4
agree,4
segmenttermpositions,4
streaming,4
inserting,4
charpos,4
slowdown,4
tieredmergepolicy,4
fetch,4
facebook,4
exhaustive,4
elsewhere,4
origin,4
safely,4
plug,4
publishing,4
michael,4
wondering,4
power,4
gracefully,4
seeing,4
draw,4
prepare,4
multisegmentreader,4
getdocidset,4
enhanced,4
observe,4
openbitset,4
win32,4
estimation,4
iterates,4
preference,4
compressionmode,4
numerical,4
highest,4
expanded,4
compoundfilereader,4
substantial,4
careful,4
bm25similarity,4
trieutils,4
meaningful,4
exploratory,4
structured,4
love,4
uwe,4
temperature,4
simplifies,4
silently,4
considering,4
iocontext,4
decoupling,4
createtempdir,3
deserialization,3
postingsenum,3
typing,3
ascending,3
signal,3
delegation,3
hppc,3
fsa,3
dbdirectory,3
shrink,3
rebuilding,3
sortednumeric,3
outputstreamindexoutput,3
inputstream,3
lightweight,3
hashing,3
nrtsuggester,3
135,3
datastructures,3
finalize,3
stable,3
investigated,3
floattoencode,3
doubletoencode,3
conceptually,3
zlib,3
collapse,3
numberdocs,3
888,3
csindexinput,3
refill,3
leafcollector,3
setnextreader,3
topn,3
emulate,3
142,3
indexstoreb,3
charfilter,3
hitdocs,3
navigable,3
traverse,3
generational,3
reliably,3
673,3
shutdown,3
getalldims,3
16kb,3
surprised,3
0x007fffff,3
spi,3
vanilla,3
jmh,3
folk,3
numerous,3
denial,3
explored,3
slowing,3
receives,3
modulo,3
processevents,3
terminating,3
specifying,3
fieldcomparatorsource,3
customer,3
flow,3
laptop,3
inttoencode,3
longtoencode,3
imply,3
genre,3
reimplemented,3
movie,3
shapevalues,3
functionvalues,3
starvation,3
transforms,3
alters,3
exceptional,3
invasive,3
anonymous,3
detects,3
coveringquery,3
unlock,3
scary,3
therein,3
intsref,3
startoffset,3
weightedspantermextractor,3
digit,3
numericencodingtest,3
multimmapindexinput,3
zstd,3
specialization,3
bufferedupdates,3
calculating,3
numericutils,3
ing,3
intencoder,3
cleanly,3
advised,3
thorough,3
hitting,3
pause,3
sneaky,3
gradlew,3
relational,3
relevancy,3
asterisk,3
characteristic,3
tessellated,3
mutablepointvalues,3
docstore,3
explictly,3
naturally,3
needing,3
unavailable,3
categorydocumentbuilder,3
ranked,3
preferred,3
begin,3
queryrewriter,3
boostquery,3
decoded,3
parses,3
queryfactoryimpl,3
pack,3
downstream,3
art,3
axiomatic,3
companion,3
song,3
traditionally,3
hacking,3
getleafcollector,3
collision,3
ecj,3
documentwriter,3
hashtable,3
preset,3
ptests,3
packaging,3
ide,3
dramatic,3
shapematcher,3
2010,3
gui,3
exploration,3
antlr,3
daterangeprefixtree,3
corpus,3
incorrectly,3
100k,3
nonemptyfieldquery,3
updatable,3
personally,3
indexeddisi,3
ensures,3
respectively,3
evil,3
subfieldanalyzer,3
subfield,3
fieldinvertstate,3
statswriter,3
int32,3
offsetsenum,3
ramdirectory2,3
readability,3
collectormanagers,3
timeexceededexception,3
collectionterminatedexception,3
indexordocvaluesquery,3
845,3
selectively,3
pooledsegmentreader,3
opaque,3
standpoint,3
lightautomaton,3
helped,3
busch,3
challenging,3
deserialize,3
brief,3
9004,3
9136,3
switched,3
detecting,3
indeed,3
externally,3
growing,3
behaves,3
putting,3
subinfo,3
querynodetree,3
register,3
openjdk,3
manageable,3
743,3
enwikidocmaker,3
docmakers,3
1410,3
chosen,3
termvectorsformat,3
bytebufferindexinput,3
deletedocument,3
deterministic,3
assignment,3
collationkeyfilter,3
trierange,3
outputstream,3
wildcardquery,3
disjunctionmaxquery,3
committer,3
familiar,3
jenkins,3
8gb,3
deeper,3
lockless,3
executes,3
colleague,3
tend,3
inverse,3
disjunctionscorer,3
muir,3
jndi,3
travel,3
existence,3
105,3
tfv,3
assigning,3
cleaning,3
compacting,3
unneeded,3
226,3
slicedindexinput,3
smoothing,3
mail,3
ff0000,3
finalized,3
ubuntu,3
variety,3
typed,3
subinfos,3
followup,3
indexinputs,3
wkt,3
disabling,3
casting,3
ghost,3
fun,3
geopaths,3
perpendicular,3
degradation,3
digging,3
worried,3
byteblockref,3
ordbyhash,3
1593,3
reversed,3
mccandless,3
incorrect,3
395,3
regarding,3
314,3
fragmentation,3
failing,3
enforces,3
accomplished,3
declaration,3
factoring,3
divisor,3
numerictokenstream,3
fsync,3
inefficiency,3
delimiter,3
business,3
cascaded,3
parallelized,3
afterwards,3
verification,3
relaxed,3
superclass,3
determines,3
declared,3
understanding,3
consequence,3
opt,3
absurdly,3
wider,3
305,3
solid,3
crud,3
presence,3
underneath,3
terminated,3
acquiring,3
10m,3
acceptableoverheadpervalue,3
direct16,3
technically,3
durability,3
066,3
inspection,3
minimizes,3
594,3
160,3
field1,3
field2,3
attention,3
codecreader,3
interpreting,3
german,3
folded,3
sud,3
folding,3
randomizedrunner,3
capable,3
repeatable,3
randomness,3
jit,3
segmentcorereaders,3
warrant,3
surround,3
standardqueryparser,3
shuffle,3
determined,3
simpletextcodec,3
coreparser,3
312,3
portable,3
undefined,3
succeed,3
uncovered,3
subtitle,3
motivated,3
consequently,3
abstracted,3
dummy,3
biginteger,3
jeff,3
rcs,3
replicate,3
proceed,3
inconsistent,3
key1,3
inject,3
222,3
trip,3
doctor,3
doctorid,3
multiterm,3
pulling,3
simplefs,3
catalog,3
zip,3
sends,3
rejecting,3
migrated,3
searchertaxonomymanager,3
var,3
intellij,3
destination,3
mutablevalues,3
clustering,3
geopointtermsenum,3
facetsaggregator,3
lru,3
2621,3
btw,3
influence,3
fieldsproducer,3
living,3
tokenizing,3
ipadic,3
termfreqs,3
largely,3
tier,3
filterreader,3
getvalueof,3
daddywri,3
positionstokenselector,3
facilitate,3
slash,3
quadprefixtree,3
recommend,3
russian,3
gsoc,3
keyed,3
188,3
monotonic,3
spot,3
room,3
benchmarked,3
queryparserbase,3
magic,3
querybuilder,3
monolithic,3
fd1,3
threadpool,3
129,3
sibling,3
mitigate,3
maintainable,3
mutablevalue,3
measure,3
weird,3
compiled,3
storedcount,3
gigantic,3
marcelo,3
tie,3
city,3
successfully,3
transposition,3
timsort,3
occurred,3
reached,3
linguist,3
lucene90vectorreader,3
cartridge,3
normalized,3
standardcodec,3
5879,3
namely,3
indexfieldcache,3
overly,3
mapped,3
edits,3
maintenance,3
covered,3
advancing,3
browse,3
compile,3
endianness,3
vectorvalues,3
hnswgraph,3
bm25fquery,3
accomplishes,3
http,3
dus,3
demonstrate,3
timelimitingcollector,3
casing,3
blocksize,3
restrict,3
contributor,3
formula,3
edismax,3
dismax,3
insufficient,3
dude,3
preserved,3
unchanged,3
passage,3
multivalued,3
calculates,3
tracked,3
carried,3
logically,3
natural,3
algos,3
115,3
expressed,3
cbc,3
datastructure,3
growth,3
wordnum,3
cheer,3
incorporate,3
integrated,3
manipulate,3
bitwise,3
deployment,3
immense,3
detected,3
expand,3
numwords,3
newbits,3
former,3
invert,3
testfieldsreader,3
embed,3
imho,3
replicationservice,3
decompressing,3
pforutil,3
mac,3
rebuilds,3
reversebytesreader,3
bytearraydatainput,3
encrypt,3
robust,3
tremendous,3
termshashperfield,3
story,3
longa,3
bytesa,3
longb,3
luceneutil,3
1ms,3
2001,3
lnu,3
reacts,3
completionpostingsformat,3
inadvertently,3
sysprops,3
exhausted,3
exclude,3
fielddoc,3
lessthan,3
slope,3
evaluation,3
john,3
excessive,3
slows,3
planar,3
pnpoly,3
considers,3
acquire,3
conjunctionutils,3
rc4,3
bouncycastle,3
msearcher2,3
213,3
msearcher3,3
pointsonly,3
implicitly,3
home,3
lately,3
instantiatedindex,3
trickier,3
tvf,3
mikemccand,3
analogous,3
excluded,3
comp,3
250,3
send,3
referred,3
penalty,3
setonce,3
fancy,3
apparent,3
tune,3
ban,3
study,3
hardcoded,3
predefined,3
locale,3
cachingwrapperquery,3
download,3
dwpts,3
numdeletestomerge,3
regression,3
downloading,3
implies,3
2740,3
2741,3
aligned,3
writestring,3
stopword,3
factored,3
transient,3
remap,3
ab,3
convex,3
barrier,3
multithreaded,3
explains,3
perthread,3
tailoring,3
lose,3
slowly,3
enclosing,3
customscorequery,3
throughout,3
unifiedstringscache,3
109,3
fillfields,3
segmentreaderfactory,3
merit,3
restricted,3
herein,3
scheduled,3
asyncprofile,3
walker,3
jdk14,3
expanding,3
tokenize,3
trained,3
normalize,3
bounded,3
rotation,3
clustered,3
fleshed,3
misleading,3
curve,3
generalization,3
spanscorer,3
truth,3
renamefile,3
claim,3
clearer,3
1231,3
docconsumer,3
termsfilter,3
2000,3
freqproxtermswriter,3
fdx,3
instantiated,3
alternately,3
collapsed,3
acl,3
rebuilt,3
nicely,3
counterpart,3
extent,3
forutil,3
sufficiently,3
occasion,3
adversary,3
quiet,3
vast,3
ngramtokenizer,3
defg,3
incompatible,3
fresh,3
program,3
tostring,3
tinkering,3
gender,3
pseudo,3
segment1,3
bitvector,3
mergenorms,3
temporarily,3
bind,3
revert,3
publish,3
replicator,3
wild,3
align,3
encapsulates,3
material,3
company,3
onemerge,3
2309,3
explicit,3
privately,3
iteratively,3
decreased,3
statefulfilter,3
iterative,3
synchronize,3
relate,3
temp,3
phonetic,3
bullet,3
moreover,3
segmentation,3
width,3
readerandlivedocs,3
820,3
spread,3
activity,3
foot,3
maximize,3
slowmultireaderwrapper,3
legacy,3
disjoint,3
corrupted,3
doug,3
2324,3
101,3
outlier,3
geopoint,3
sorter,3
pointed,3
monitorquery,3
hasnorms,3
134,3
subsearchers,3
6450,3
fetching,3
workload,3
116,3
119,3
demonstrates,3
gather,3
docvaluevisitor,3
reducer,3
spanish,3
loader,3
sacrifice,3
connection,3
resident,3
solving,3
segmented,3
olap,3
device,3
burden,3
fuzzycompletionquery,3
invokes,3
testdbindex,3
indexstorea,3
msearcher,3
171,3
concentrate,3
yaml,3
car,3
rollupmergeaggregatefield,2
randomsamplingfacetscollector,2
substring,2
cloneable,2
indexsortsortednumericdocvaluesrangequery,2
fuel,2
nori,2
pointrangequery,2
printing,2
unchecked,2
suppresswarnings,2
completes,2
exercised,2
mtqs,2
morfologik,2
pared,2
extracting,2
javac,2
flatten,2
largest,2
geopoints,2
badly,2
appearing,2
extraction,2
intersected,2
completionweight,2
experimented,2
parsed,2
chapter,2
meter,2
quantize,2
touched,2
filefilter,2
regexcompletionquery,2
road,2
isolatin1accentfilter,2
liked,2
boosting,2
typo,2
leveraging,2
morton,2
poly,2
sketch,2
plugins,2
prefixcompletionquery,2
completionscorer,2
surrogate,2
checkfields,2
programmatic,2
flattening,2
indexmodifier,2
syncs,2
intel,2
arbitrarily,2
sidenote,2
hearing,2
formatter,2
vectorhighlight,2
sortingatomicreader,2
1164,2
deletebyquery,2
luwak,2
xvaluessource,2
groupingsearch,2
thetaphi,2
730,2
anagram,2
referring,2
unavoidable,2
haversine,2
spherical,2
146,2
geographic,2
faq,2
gettermbuffer,2
irfactory,2
remember,2
statefultermsenum,2
lighter,2
putstream,2
packedquadprefixtree,2
mergingfilter,2
spanquerybuilder,2
inheritance,2
daniel,2
leveraged,2
thereof,2
untokenized,2
rich,2
notified,2
branchingfilter,2
branching,2
ideographic,2
fault,2
conclusion,2
bridge,2
niofs,2
wich,2
gettermlength,2
specifies,2
resizetermbuffer,2
met,2
permitted,2
morelikethis,2
heart,2
newoutputstream,2
newinputstream,2
fileoutputstream,2
fileinputstream,2
frozenbuffereddeletes,2
exploiting,2
booleanweight,2
tagindexwriter,2
keyspace,2
expunged,2
booleanfilter,2
attrfactory,2
inverteddocconsumer,2
weaker,2
renames,2
2413,2
dirindexreader,2
leaning,2
minnrshouldmatch,2
maximizing,2
minimizing,2
valuesources,2
identifying,2
retriever,2
normalise,2
dash,2
reanalyzing,2
bonus,2
utilizes,2
postingshighlighter,2
mlt,2
graduate,2
geoapi,2
htmlstripcharfilter,2
closer,2
communication,2
repeat,2
blowup,2
mixed,2
hardwired,2
opposed,2
explained,2
taxo,2
highphrase,2
jboss,2
gpus,2
tempting,2
website,2
complain,2
outdated,2
lesser,2
deemed,2
necessarily,2
wherein,2
perm,2
interning,2
uris,2
andhighhigh,2
response,2
releasing,2
fragile,2
bbox,2
scalability,2
uniform,2
250k,2
dirs,2
locating,2
division,2
uax,2
orthogonal,2
replicated,2
interned,2
endorse,2
unify,2
andhighlow,2
medphrase,2
respell,2
lowspannear,2
fuzzy2,2
lowphrase,2
lowsloppyphrase,2
104,2
108,2
andhighmed,2
highspannear,2
medspannear,2
highsloppyphrase,2
interfaceindexwriter,2
fuzzy1,2
prefix3,2
orhighmed,2
highterm,2
orhighlow,2
pct,2
oom,2
geopolygonfactory,2
geoconvexpolygon,2
proportion,2
dirty,2
qwe,2
recreated,2
docstores,2
justified,2
readonlysegmentreader,2
populates,2
patterson,2
whoever,2
omit,2
toke,2
indexdeletionpolicy,2
indexcommit,2
deletionpolicy,2
termids,2
preferably,2
incur,2
filled,2
mdw,2
strengthen,2
recycling,2
orhighhigh,2
lowterm,2
4490,2
ctors,2
revise,2
docnum,2
geo3dpoint,2
enumerate,2
conservatively,2
intnrq,2
medterm,2
medsloppyphrase,2
1120,2
transferto,2
lucenetestcase,2
completionanalyzer,2
titl,2
queryanalyzer,2
bufferedupdatesstream,2
packet,2
pole,2
globe,2
interior,2
unsure,2
mfl,2
2294,2
centric,2
dochelper,2
reload,2
mayberefresh,2
decref,2
incref,2
xxxvalue,2
resolving,2
english,2
numterms,2
fielddocsortedhitqueue,2
allocator,2
cap,2
bufferallocator,2
promoted,2
refreshing,2
controlling,2
noted,2
asking,2
testbackwardscompatibility,2
haversin,2
hiding,2
legacysorteddocvalues,2
spatial3d,2
dropped,2
1043,2
reserved,2
tight,2
suffer,2
semi,2
asin,2
devastating,2
navigate,2
merely,2
fitting,2
strength,2
unlimited,2
prohibitive,2
scattered,2
reimplement,2
throttling,2
runnable,2
published,2
friend,2
tweak,2
deploying,2
deploy,2
descendant,2
email,2
ignores,2
newprocessor,2
querynodeprocessorpipeline,2
borrowed,2
utf,2
1970,2
picture,2
llrect,2
lockclass,2
manipulated,2
wlen,2
expandingwordnum,2
avg,2
utf8,2
fileswitchdirectory,2
fieldselectorresult,2
necessity,2
classloader,2
ipc,2
queryfilter,2
pursue,2
horrible,2
doreopen,2
becoming,2
narrow,2
shifted,2
docidsetbuilder,2
docswithfield,2
numericdocvalueswriter,2
billion,2
rjernst,2
membership,2
longitude,2
nextseekterm,2
postpone,2
launch,2
agnostic,2
lngs,2
distancefilter,2
omitted,2
6766,2
6mb,2
roaringdocidset,2
accumulate,2
moderately,2
lucene70normsformat,2
storablefield,2
disclaimed,2
fitness,2
merchantability,2
contact,2
unwanted,2
snowballfilter,2
indexupgrader,2
shortestpaths,2
cycle,2
payloaddata,2
termcount,2
4765,2
letspartylikeits1999,2
highlightflag,2
tokenstreamoffsetstrategy,2
memoryindexoffsetstrategy,2
hardlinks,2
capturing,2
querytermscorer,2
incidental,2
indirect,2
liable,2
fledged,2
benchmarking,2
abstracttermsecondpassgroupingcollector,2
abstracttermfirstpassgroupingcollector,2
editing,2
hamming,2
staging,2
principle,2
throwing,2
4kb,2
initialisation,2
correction,2
mappingcharfilter,2
threadlocals,2
segmentreaderindexcache,2
obsolete,2
tokenfrequencyvectormap,2
insertion,2
identified,2
modularization,2
backend,2
entity1,2
def,2
planetobject,2
ignacio,2
integrating,2
nextinterval,2
sight,2
subphraseconfig,2
instantiating,2
dumb,2
brute,2
indication,2
search1,2
infer,2
reopened,2
meet,2
lowercasefilter,2
mixing,2
docvaluesformat,2
expense,2
mere,2
valuefiller,2
fsindexinput,2
prove,2
icucollationkeyfilter,2
complication,2
worry,2
recovery,2
orthogonality,2
accesing,2
geocircle,2
david,2
planetmodel,2
getplanetmodel,2
prohibit,2
piling,2
transferred,2
getversion,2
click,2
nrtmanager,2
deteriorates,2
quality,2
constantly,2
sphere,2
bias,2
repro,2
windowsfs,2
linking,2
valuefillers,2
multidimensional,2
storedfieldsreader,2
termvectorsreader,2
spike,2
multidocvalues,2
reflected,2
treated,2
escaped,2
numskippeddocs,2
reject,2
convexity,2
geopath,2
introspection,2
sensibly,2
brittle,2
overcome,2
whitespaces,2
regenerate,2
patternanalyzer,2
segmentwriter,2
bar,2
docvaluesproducer,2
567,2
sortednumericdocvalues,2
normsproducer,2
facetresultshandler,2
geocircles,2
sketchy,2
standardfacetsaccumulator,2
countfacetrequest,2
disadvantage,2
tokenselectors,2
delimited,2
tab,2
profiled,2
drastically,2
multitokenfrequencyvector,2
tokenfrequencyvector,2
storeinindex,2
tokenattributeimpl,2
seamlessly,2
getinputstream,2
subreader,2
sanity,2
statically,2
contrast,2
ipv6,2
proposing,2
baked,2
fieldsformat,2
dead,2
codecprovider,2
postingsformats,2
investigating,2
asks,2
flat,2
threadeddistancefilter,2
tick,2
getdocswithfield,2
polish,2
shot,2
intent,2
geoboundingboxfield,2
geometric,2
palatable,2
speeding,2
poorly,2
eligible,2
annotated,2
timelimitedindexreader,2
simon,2
unmodified,2
resilient,2
programmatically,2
noticeable,2
sentinel,2
comparation,2
pointsformat,2
compoundfilesegmentsizelimit,2
picking,2
generating,2
residing,2
asciifoldingfilter,2
reusabletoken,2
crucial,2
manual,2
six,2
sinktokenizer,2
restorestate,2
clock,2
analyzingqueryparser,2
felt,2
updatetop,2
logged,2
trashing,2
expectation,2
evicted,2
unmapping,2
modest,2
tedious,2
recompute,2
capturestate,2
exchange,2
tokenwrapper,2
addattributeimpl,2
ascii,2
missed,2
pom,2
mounted,2
searchablewrapper,2
postfix,2
procurement,2
consequential,2
exemplary,2
controlled,2
pretend,2
monotonically,2
concerned,2
3801,2
3836,2
10x,2
abuse,2
favour,2
decimal,2
shortest,2
went,2
parallelizes,2
singleinstancelockfactory,2
granular,2
wgs84,2
worthy,2
ended,2
awesome,2
212,2
interruption,2
profit,2
adrien,2
filterstrategy,2
jumped,2
referenced,2
severe,2
churn,2
100g,2
leg,2
geolatlonpoint,2
multisearchers,2
tsdc,2
tfc,2
isoutoforder,2
offering,2
accumulating,2
christmas,2
wfst,2
demo,2
pushed,2
generified,2
indicating,2
collator,2
collationkey,2
tst,2
explode,2
scoredocsinorder,2
orderness,2
shrinking,2
hashondata,2
newid,2
bench,2
benchmarkbyteblockordset,2
clever,2
documenting,2
spending,2
stalling,2
discourage,2
volume,2
indexdocvalues,2
forcemerge,2
simplefslockfactory,2
defaulting,2
dsmiley,2
estimated,2
probability,2
contrary,2
dumping,2
posincr,2
unsupportedoperationexception,2
nutch,2
ensureindexisread,2
documentdescriptor,2
fork,2
finalizer,2
8000h,2
unsigned,2
lie,2
superior,2
enwiki,2
payloadmerger,2
spanmultitermquerywrapper,2
assigns,2
963,2
gettermfreqvector,2
termfreqvector,2
passagebuilder,2
proxy,2
christian,2
spantermquery,2
matchalldocsquery,2
multiphrasequery,2
objectinput,2
explicitely,2
triecodelong,2
paging,2
gettotalhits,2
hitcollectorwrapper,2
collationkeys,2
843,2
966,2
maximized,2
870,2
reach,2
tv,2
thead,2
asynchronous,2
finishing,2
scheduler,2
instanciates,2
writen,2
unsafe,2
magnitude,2
012,2
par,2
aggregated,2
spannearquery,2
luis,2
driven,2
varying,2
8000000000000001,2
whitespacetokenizer,2
8000000000000000,2
7fffffffffffffff,2
80000001,2
153,2
maintainability,2
stemstrategy,2
analyzeroption,2
spanqueries,2
retention,2
accounted,2
blendedtermquery,2
conditionally,2
persist,2
phrasehelper,2
responsiblity,2
proven,2
getreference,2
int8,2
offsetenum,2
subfields,2
hacky,2
3216,2
sideeffect,2
realistic,2
posinc,2
deref,2
analytics,2
person,2
simplicity,2
fulltree,2
1448,2
ordstatsconsumer,2
foreach,2
ordstatscollector,2
longvaluescollector,2
facetting,2
dawidweiss,2
checkpointing,2
reported,2
identifies,2
horribly,2
peer,2
chooses,2
booleanclause,2
constantscore,2
alone,2
imposes,2
documentswriterperthread,2
detach,2
storedfieldreaders,2
relax,2
tvpositioninfo,2
limiter,2
intbitstofloat,2
0xff,2
star,2
lowercase,2
lowercasequeryfactory,2
defaultfield,2
detrimental,2
circumstance,2
heat,2
calendar,2
barely,2
repeatedly,2
term1,2
unaware,2
inverting,2
chart,2
80000000,2
7fffffff,2
havent,2
monotic,2
minvalue,2
negligence,2
differ,2
pro,2
targeted,2
aggressively,2
arg0,2
mmapping,2
calculated,2
skew,2
percentage,2
variation,2
posted,2
megabyte,2
cachingtokenfilter,2
misc,2
4623,2
kilobyte,2
october,2
fieldb,2
fielda,2
setdatastore,2
halving,2
mbrs,2
tessellation,2
8598,2
term2,2
arraycopy,2
amongst,2
suppose,2
loc,2
voluntary,2
arising,2
4602,2
4600,2
packedintsencoder,2
topfielddoccollector,2
tort,2
exploit,2
staged,2
gi,2
featured,2
indexabledocument,2
retailer,2
enumerated,2
fieldcaches,2
isdebugenabled,2
getlogger,2
loggerfactory,2
singlemmapindexinput,2
flushramsegments,2
outofmemoryerrors,2
truncated,2
generalizing,2
semantic,2
intarraydocidset,2
adjusting,2
amazing,2
ffffffffffffffff,2
0000000000000000,2
ffffffff,2
00000000,2
docidsets,2
3333,2
multireaderhitcollector,2
commitdata,2
declares,2
twophasecommit,2
stressing,2
inventory,2
14892c,2
recursive,2
extracted,2
outer,2
adler32,2
5914,2
express,2
escape,2
surrounded,2
operate,2
recognizes,2
tatu,2
vote,2
8855,2
restricting,2
wandscorer,2
adventure,2
simplefacetfields,2
facetindexingparams,2
interact,2
rangefacetcounts,2
promise,2
drastic,2
alignment,2
aforementioned,2
0x8000000000000000l,2
0x80000000,2
numbertools,2
sortable,2
abstractlist,2
dgapvintencoder,2
defaultsimilarity,2
joint,2
insight,2
learned,2
ored,2
2019,2
docb,2
doca,2
late,2
xxx,2
interim,2
appeared,2
400,2
involving,2
hitdoc,2
setsearcher,2
symmetry,2
doable,2
icutokenizer,2
icutransformfilter,2
bundled,2
10k,2
a1b,2
tip,2
alto,2
palo,2
asserts,2
applicability,2
respective,2
publication,2
streisand,2
barbar,2
mergesegments,2
abstractskiplistreader,2
accelerate,2
existent,2
instantiation,2
deletable,2
occasional,2
slight,2
usecases,2
makecentershapevalues,2
makeshapevalues,2
sci,2
detection,2
847,2
concerning,2
bytebuffersdataoutput,2
addressing,2
padding,2
fluent,2
deviate,2
resizing,2
capacity,2
invertdocument,2
minimise,2
mobile,2
canscoreoutoforder,2
scoresdocsoutoforder,2
behalf,2
classic,2
4376,2
consistently,2
workflow,2
skipdata,2
indexfilenamefilter,2
retries,2
setnorm,2
negated,2
selecting,2
nesting,2
iters,2
abba,2
facetresults,2
mergehierarchies,2
anytime,2
recursiveprefixtreestrategy,2
divided,2
disjunctive,2
jtsgeostrategy,2
sizeof,2
linter,2
backcompat,2
mergefactor,2
saying,2
wanting,2
argon,2
surely,2
classify,2
training,2
reviewing,2
emptyfieldquery,2
lowering,2
maxpointsinleafnode,2
evolve,2
rangefilter,2
todos,2
weightedphraseinfo,2
buzzword,2
berlin,2
616,2
uncompressed,2
google,2
article,2
disjunctionsumscorer,2
monotonicappendinglongbuffer,2
pagedgrowablewriter,2
hybrid,2
recognition,2
serializers,2
rolling,2
xyrectangle,2
xygeometries,2
mp,2
objection,2
compiler,2
paul,2
bkdindexwriter,2
docvaluesfieldexistsquery,2
untracked,2
complains,2
setinfostream,2
carefully,2
surprising,2
terminfos,2
math,2
gettext,2
distinctterms,2
phraseinfolist,2
rewind,2
subtle,2
947,2
409,2
270,2
cnt,2
lucene40codec,2
mistake,2
pqtopdocscollector,2
postingformat,2
2013,2
seemed,2
endoffset,2
disregard,2
5376,2
iwc,2
packed64singleblock12,2
direct8,2
getmutable,2
1kb,2
isolate,2
getioexception,2
versus,2
omitting,2
illegal,2
producing,2
assertion,2
subclassed,2
intuitively,2
067,2
380,2
150,2
a2b,2
examines,2
virtual,2
specialised,2
114,2
208,2
192,2
202,2
117,2
186,2
220,2
lucene40,2
perfieldpostingsformat,2
splitter,2
mimic,2
turnaround,2
viable,2
simple9,2
json,2
crazy,2
charfilters,2
utilization,2
bloom,2
refuse,2
070,2
111,2
812,2
110,2
149,2
572,2
rewinds,2
a3b,2
mile,2
216,2
732,2
687,2
562,2
065,2
584,2
925,2
340,2
approximately,2
accidentally,2
fulltext,2
contributing,2
contributes,2
viterbi,2
connectioncosts,2
979,2
329,2
199,2
397,2
776,2
reversing,2
readsnapshotsinfo,2
lang,2
hear,2
quadratic,2
vigna,2
nodehash,2
inlined,2
reflects,2
numfields,2
sparsely,2
therefor,2
analytic,2
percent,2
subversion,2
driving,2
lastterm,2
outgoing,2
distinguishing,2
gzipinputstream,2
stm,2
segmentcodecs,2
obtains,2
associate,2
strictly,2
350,2
441,2
invariant,2
xmltype,2
threadstate,2
dwptpool,2
rolled,2
caffeine,2
connected,2
fd2,2
effectiveness,2
invoking,2
roll,2
updatedocument,2
nestedfield,2
presented,2
teedirectory,2
admittedly,2
docachewrite,2
offs,2
coarse,2
reserve,2
lend,2
datatypes,2
ojvmdirectory,2
2454,2
knew,2
131,2
183,2
refcount,2
username,2
imagecount,2
65536,2
suggests,2
treeset,2
lucene90vectorwriter,2
clob,2
varchar2,2
migrating,2
dependant,2
recursively,2
affix,2
objs,2
advisable,2
serial,2
protocol,2
corresponds,2
3097,2
it1,2
decompressor,2
remotely,2
transfer,2
jetty,2
backup,2
enumerator,2
fieldcacherangefilter,2
kickoff,2
healthy,2
2655,2
structural,2
isstored,2
nextelement,2
hasmoreelements,2
packedintsversion,2
updatedocuments,2
distribute,2
euclidean,2
allowable,2
desire,2
cutting,2
stfieldvalue,2
topdoccollector,2
fuzzysugg,2
haspayloads,2
maxanalyzedpathsforoneinput,2
sharefstfrom,2
chew,2
queried,2
terminfoindex,2
regularly,2
gone,2
provision,2
rowid,2
optimizer,2
byteblockpool,2
getsource,2
valuesenum,2
sortedsource,2
docvaluescodec,2
carrying,2
atomicreadercontext,2
getfilepointer,2
isindexed,2
236,2
matrix,2
cancellablecollector,2
cancellable,2
lucene90hnswvectorformat,2
edited,2
customizations,2
bold,2
ramdir,2
preferable,2
finishterm,2
bulkreading,2
duplicating,2
readily,2
clumsy,2
upgrading,2
intertwined,2
sortingcodecreader,2
bytespagebits,2
inlining,2
bytesreader,2
indexablefieldtype,2
theoretical,2
80kb,2
owns,2
downloaded,2
bytenormfactors,2
abstractvisitingprefixtreefilter,2
pruneleafybranches,2
celliterator,2
mulitsearcher,2
exercise,2
describes,2
august,2
attachements,2
feeling,2
gut,2
conjunctive,2
disis,2
picked,2
wordlistloader,2
stringvalue,2
simplier,2
hacked,2
coffee,2
volunteer,2
perfield,2
optos,2
geonames,2
plaintext,2
albeit,2
jsp,2
implementors,2
extensively,2
irrelevant,2
byteslicereader,2
10112,2
advice,2
classified,2
commonly,2
uoe,2
consensus,2
getbyte,2
179,2
subsequently,2
3041,2
kernel,2
sysctl,2
arch,2
primarily,2
tenum,2
fakenorms,2
multireaders,2
segmentsreader,2
determ,2
land,2
closely,2
meanwhile,2
illustration,2
popularity,2
commitmergeddeletes,2
verbose,2
burst,2
stringreader,2
measurable,2
inspect,2
attempting,2
segment2,2
documenta,2
reindex,2
addall,2
age,2
toparentblockjoinquery,2
stringfield,2
terma,2
paragraph,2
sentence,2
positionally,2
ext,2
fieldconsumer,2
getfactor,2
mcilroy,2
bentley,2
numdims,2
gettopdims,2
presently,2
attaching,2
spawn,2
maxthreads,2
indexrevision,2
topology,2
2694,2
prone,2
finite,2
pushing,2
logmergepolicy,2
termb,2
jms,2
algorithmic,2
introselector,2
amazon,2
visitdocvalues,2
potent,2
integrity,2
differentiate,2
leavetemporary,2
leavetmpdir,2
itsself,2
configuring,2
weekend,2
uninverting,2
termindex,2
trouble,2
facetscollectormanager,2
docidswriter,2
javascript,2
scripting,2
geared,2
bypass,2
checker,2
10002,2
filtercodec,2
10654,2
rollupmergeaggregatetype,2
stdout,2
suppresstempfilechecks,2
rangefilters,2
kinosearch,2
suited,2
ning,2
dirtiness,2
stacked,2
getallchildren,2
gb,2
docidmerger,2
ingest,2
uninvertedfield,2
simplebindings,2
policeman,2
driver,2
nov,2
fieldbits,2
createtempfile,2
routine,2
identifiable,2
analysing,1
10538,1
determining,1
repurposing,1
10573,1
unbalanced,1
getmatchingdocs,1
getoriginalmatchingdocs,1
aggregatetype,1
aggregatefields,1
dimensionnames,1
flattened,1
creep,1
derive,1
gsmiller,1
7927,1
getallchildrensortbyvalue,1
demanding,1
ancestry,1
outweigh,1
shallower,1
rollupmergeconfig,1
testemptyindex,1
2002,1
absence,1
fiddling,1
demarcate,1
brevity,1
initiated,1
gmail,1
markrmiller,1
compiles,1
directiolinuxdirectory,1
readbuffersize,1
despite,1
createsharedmanager,1
topfield,1
topscoredoc,1
fileposition,1
oome,1
intermittent,1
pruned,1
peak,1
beast,1
bytesequenceoutput,1
positiveintoutputs,1
nooutputs,1
createoutput,1
thank,1
weiss,1
dawid,1
largeish,1
parameterized,1
confession,1
parallelmultiquery,1
jones,1
tim,1
perquery,1
uniq,1
boilerplate,1
bitsfiltereddocidset,1
validated,1
straddle,1
sdv,1
junit4,1
printed,1
annotating,1
offender,1
circumvent,1
removable,1
pollutes,1
compund,1
wan,1
identification,1
automate,1
addstopwords,1
writefinaloutput,1
intersectprefixpaths,1
fstutil,1
charsequenceoutputs,1
bytesequenceoutputs,1
intbuffer,1
bufferunderflowexception,1
pave,1
hair,1
delaycloseindexsearcher,1
1025,1
readvlong,1
2816,1
expects,1
interoperate,1
getvaluesource,1
interoperability,1
readnextrealarc,1
readfinaloutput,1
bytesrefs,1
transducer,1
algo,1
choses,1
differentiation,1
actuall,1
flusedfiles,1
termsrangeenum,1
dually,1
2769,1
collocation,1
indexsearchers,1
federate,1
newsearcher,1
ripped,1
usethreads,1
absorbs,1
absorbing,1
pm,1
cound,1
spawned,1
snapshotdeletionpolicy,1
backport,1
updatendv,1
applydeletes,1
lexical,1
sliding,1
lexically,1
solvel,1
segmentname,1
emptynormfactors,1
decodenorm,1
termqueries,1
overload,1
preventing,1
amir,1
2186,1
buried,1
compose,1
unuseable,1
notifier,1
portability,1
xyzabc123,1
autogeneratephrasequeries,1
xabcy,1
abcy,1
xabc,1
0fs,1
follwing,1
overcomplicates,1
blindly,1
maxgramsize,1
mingramsize,1
url,1
feed,1
airplane,1
stirrer,1
plastic,1
sucking,1
poor,1
sparseness,1
artificially,1
archer,1
testmultise,1
recoding,1
perfieldcodec,1
segmentswritestate,1
subtasks,1
publicly,1
retrofitted,1
confuses,1
multioverlappingindexedshapes,1
toggle,1
simplifyindexedcells,1
shim,1
legacycell,1
legacyprefixtree,1
doubt,1
spatialexample,1
horizon,1
hits3,1
221,1
hits2,1
preparation,1
readerutil,1
testability,1
straw,1
innovating,1
experimenting,1
discouraging,1
jakarta,1
cvspublic,1
minscore,1
multiplex,1
multinormfactors,1
ndv,1
addxyzfield,1
longssize,1
lucene41,1
pbreader,1
encodeterm,1
bttr,1
knon,1
needspayloads,1
scorere,1
needspositions,1
scorercontext,1
blockreader,1
stared,1
bugged,1
lacking,1
anthing,1
spannear,1
nuke,1
5052,1
5123,1
rewriteusingcache,1
powerfully,1
approachable,1
hasprox,1
hasvectors,1
docvaluesbranch,1
highlightertest,1
theoretically,1
itemsinblock,1
pulsingpostingswriter,1
lucne41,1
flushtermblock,1
startterm,1
postingsbase,1
5029,1
postingswriterbase,1
termspans,1
nuked,1
termspanquery,1
someinputstream,1
analyzersuggester,1
concatenated,1
multiplication,1
11m,1
getnormfactors,1
compatibiltiy,1
2960,1
byteblock,1
unload,1
unloads,1
getsortedsource,1
getenum,1
persegment,1
anaylzingsuggester,1
complemented,1
args,1
arbitary,1
istokenized,1
termdictionaries,1
pinch,1
interleaving,1
struggling,1
rigid,1
rework,1
rescore,1
rescoring,1
writelong,1
readstring,1
topfielddocs,1
pitfall,1
resort,1
fcs,1
longnumericdocvalues,1
docfreqs,1
prefixcodedtermsdict,1
5468,1
unuseful,1
czech,1
1prefix,1
4678736,1
accum,1
encourage,1
penalized,1
advising,1
composable,1
permutation,1
earlyterminatingcollector,1
170,1
orhighnotmed,1
orhighnotlow,1
orhighnothigh,1
ornothighhigh,1
141,1
ornothighmed,1
425,1
402,1
ornothighlow,1
iter,1
181,1
subsubsectioncount,1
subsectioncount,1
sectioncount,1
shine,1
5339,1
directory2,1
directory1,1
tiered,1
powered,1
kwic,1
distant,1
youngest,1
paralleltaxonomyarrays,1
tighten,1
docsandpositions,1
docsandpositionsenums,1
2905,1
exactphrasescorer,1
fear,1
interleave,1
traversed,1
degenerate,1
robinson,1
jason,1
snippeting,1
analyst,1
lawyer,1
alloc,1
7mb,1
instantiates,1
90k,1
speak,1
night,1
wave,1
traffic,1
disappeared,1
1540,1
replicating,1
searcherandtaxonomy,1
prerequisite,1
documentconsumer,1
perdoc,1
1812,1
mirrored,1
postingsconsumer,1
5205,1
unconsumed,1
multitermawarecomponents,1
prevented,1
harsh,1
termsconsumer,1
storedvalueconsumer,1
writechars,1
stringdifference,1
writeterm,1
subsumes,1
tolerate,1
staleness,1
nanosecond,1
utitily,1
authoritative,1
recording,1
minus,1
32nd,1
nicer,1
verified,1
slowed,1
treccontentsource,1
andquery,1
lastpayloadlength,1
applydeletions,1
eventual,1
verifier,1
freedom,1
lia2,1
multiterms,1
jambour,1
iam,1
attendant,1
messiness,1
imp,1
ruler,1
landed,1
randomaccessords,1
2063136,1
387748,1
stabilize,1
receiving,1
fieldnumberbimap,1
scaring,1
intending,1
inherit,1
generous,1
fastutils,1
marker,1
associative,1
avalanche,1
fastutil,1
sebastiano,1
avalanching,1
dicts,1
noisier,1
1316,1
backwardid,1
forwardid,1
increae,1
modifiable,1
bimap,1
termordvalcomparator,1
sorteddv,1
representative,1
selector,1
persists,1
persistentsnapshotdeletionpolicy,1
387750,1
10315680,1
3920,1
uima,1
kicking,1
3969,1
infra,1
updatability,1
15473520,1
3094704,1
387751,1
20631360,1
4126272,1
387749,1
23393680,1
enuming,1
lowish,1
crazier,1
transformed,1
sliced,1
multipassindexsplitter,1
packed32,1
discourages,1
implentations,1
easiest,1
segmentinfoformat,1
segmentinfosformat,1
preamble,1
getsegmentinfosformat,1
egg,1
chicken,1
inter,1
groupdocs,1
topgroups,1
packed64singleblock5,1
packed64singleblock4,1
packed64singleblock3,1
packed64singleblock2,1
packed64singleblock1,1
fastest,1
valuecount,1
10000000,1
abcd123456789,1
128th,1
127th,1
mod,1
varies,1
simple16,1
variableintblock,1
fixedintblock,1
slideshow,1
helping,1
packed32singleblock,1
suit,1
indexsplitter,1
seekable,1
blockpool,1
dest,1
ramin,1
raminput,1
copybytes,1
freshness,1
operates,1
packed64singleblock10,1
packed64singleblock9,1
packed64singleblock6,1
repackaged,1
packed64singleblock,1
averaged,1
growablewriter,1
scenarii,1
syncing,1
expiring,1
setxxxvalue,1
prevision,1
pop,1
rethrow,1
interruptedexception,1
dropping,1
omittf,1
lucene4,1
blm,1
getboost,1
getweight,1
gettermsinfos,1
getseqnum,1
gettermsoffsets,1
opted,1
advantageous,1
andpositionsenum,1
bloating,1
conference,1
apple,1
termin,1
indexpointer,1
subscorers,1
advanceaftercurrent,1
booleanscorer2,1
3440,1
4113,1
4107,1
4091,1
fvh,1
weightedfraglistbuildertest,1
basefraglistbuilder,1
weightedfraglistbuilder,1
fieldfraglist,1
weightedfieldfraglist,1
simplefraglistbuilder,1
simplefieldfraglist,1
termsinfos,1
fieldphraselist,1
weightedfraginfo,1
getfraginfos,1
skiplists,1
maxdocs,1
cachingwrappingfilter,1
incompatibility,1
upward,1
queryable,1
standardised,1
twodoubles,1
bboxstrategy,1
distributes,1
snot,1
doe,1
cocurrent,1
3566,1
externalize,1
readeriterator,1
evaluates,1
binarydocvaluesfield,1
264,1
938,1
595,1
decompresses,1
fileset,1
4202,1
substantialy,1
correspond,1
indexentries,1
prefetchedterminfosreader,1
segmentterminfosreader,1
wdyt,1
mmaped,1
trickiest,1
sacrificing,1
mortal,1
usability,1
bayes,1
classificationcomponent,1
angle,1
unaffected,1
biggish,1
longish,1
ecki,1
bia,1
andrzej,1
pohl,1
stefan,1
thru,1
improper,1
adjacent,1
latlontype,1
pointless,1
coords,1
gps,1
inferior,1
ascertain,1
wkb,1
binarycodec,1
tentatively,1
growablewriters,1
appendinglongbuffer,1
facetrequests,1
figured,1
stickler,1
multiplier,1
testbagofpostings,1
leapfrog,1
multishape,1
geometrytester,1
ryantxu,1
inappropriately,1
phone,1
clueless,1
superhero,1
5987,1
verifies,1
supposedly,1
bypassed,1
getprefixquery,1
ending,1
multiply,1
uncompression,1
256kb,1
incompressible,1
env,1
declare,1
strei,1
1394704,1
6146,1
trackingdirectorywrapper,1
sniping,1
aborted,1
inflategens,1
invitation,1
confusion,1
publishflushedsegment,1
timed,1
checkpoint,1
3729,1
getbyoutput,1
fst2,1
fst1,1
compressionmodes,1
lucene41storedfieldsformat,1
disappearing,1
accident,1
labeled,1
loadsource,1
getdirectsource,1
direcsource,1
compressingcodec,1
300mb,1
uncompresses,1
emulates,1
fieldproducer,1
formatpostingspositionswriter,1
formatpostingsdocswriter,1
formatpostingstermsdictwriter,1
decouples,1
absolutely,1
fantastic,1
arraydeque,1
hashcodes,1
ring,1
restaurant,1
lucene50normsproducer,1
0x000fffffffffffffl,1
0x7ff0000000000000l,1
termpostions,1
filtercache,1
ssdv,1
ordinalpolicy,1
cli,1
lazyiteratorbackedbits,1
filterset,1
accomplish,1
unscaled,1
scaled,1
190,1
attributesources,1
objets,1
fieldreader,1
accessor,1
intentionally,1
modularity,1
quantity,1
denormalization,1
ranging,1
wire,1
encapsulation,1
5527,1
leafcollectors,1
testrandomnrt,1
analyzinginfixsuggestertest,1
0x7f800000,1
fussed,1
searchesi,1
tokenisation,1
cold,1
lrufiltercache,1
rambytesused,1
rangequeries,1
footer,1
deflater,1
interpretation,1
traction,1
floattointbits,1
categorylistparams,1
simplefacetscollector,1
sortedsetdvfacetcounts,1
taxonomyfacetcounts,1
prototyping,1
facetrequestbuilder,1
threatens,1
5333,1
trierangefilter,1
2014,1
pointprefixtreefieldcacheprovider,1
rationale,1
log4j,1
owned,1
dimm,1
shirt,1
wildly,1
site,1
heterogeneous,1
multitermquerywrapperfilter,1
infosteram,1
trierangerange,1
500000,1
desktop,1
754,1
ieee,1
deprecates,1
fieldvaluehitqueue,1
hitcollectors,1
ups,1
social,1
6th,1
marketplace,1
diversity,1
stall,1
forcefully,1
converged,1
sm,1
5310,1
multisegment,1
wether,1
linestring,1
categorylistiterator,1
fyi,1
countfacetrequests,1
eliminated,1
docvaluesfacetsfield,1
payloadfacetsfield,1
invite,1
godawful,1
addfield,1
memoryindexnormdocvalues,1
ramification,1
needless,1
taxonomywriter,1
facetsfield,1
gtalk,1
fieldsortedhitqueue,1
noise,1
drowned,1
zigzag,1
band,1
translates,1
payloadfacetsatomicreader,1
facetsatomicreaderwrapper,1
doubletolongbits,1
formation,1
minimized,1
lucne,1
dunno,1
believed,1
ordpolicy,1
shai,1
intdecoder,1
pad,1
5728,1
getlong,1
getint,1
getshort,1
mmapdir,1
readxxx,1
tokenstreamfromtermpositionvector,1
overhauled,1
interchangeable,1
operatos,1
dialect,1
modifier,1
mainq,1
anyhting,1
liner,1
adjusted,1
filepointers,1
oversharing,1
acrossed,1
00000001,1
testintegerencoding,1
xtestallfloatencodings,1
assertfalse,1
xtestallintegerencodings,1
graphical,1
pylucene,1
gunit,1
ebnf,1
married,1
forthcoming,1
vor,1
oder,1
1345,1
overdue,1
realistically,1
uis,1
p2p,1
consult,1
messy,1
suddenly,1
enablestored,1
addnumber,1
booleanqueries,1
constantscorequeries,1
seriously,1
buy,1
versioning,1
fraglistbuilder,1
highlighter2,1
slop,1
1489,1
getbestfragments,1
numfragments,1
fragcharsize,1
getfieldquery,1
fieldquery,1
refined,1
644,1
continously,1
whoes,1
onlines,1
drpt,1
rdb,1
ff7fffff,1
mathematical,1
bloat,1
1470,1
degraded,1
wedge,1
bpv,1
blow,1
eat,1
enhancementsdocbuilder,1
facetsbuilder,1
facetsdocumentbuilder,1
enhancementsdocumentbuilder,1
clsas,1
phrasehighlight,1
fragmentsbuilder,1
getstemstrategy,1
englishanalyzer,1
customizability,1
gcd,1
dereferencing,1
deduplicates,1
addbinary,1
29jafnn,1
addatom,1
addshorttext,1
addlargetext,1
defaulted,1
5989,1
poslen,1
ffc00000,1
ff800000,1
3390,1
blatantly,1
dns,1
micheal,1
800kb,1
5mb,1
perfectly,1
randomaccessslice,1
99999,1
united,1
b06,1
1476,1
uglier,1
utf32toutf8,1
servlet,1
4556,1
pmc,1
joined,1
campos,1
alves,1
neumann,1
andreas,1
designing,1
7ffffffe,1
00800000,1
007fffff,1
testfloatencoding,1
fffffffffffffffe,1
0000000000000001,1
testlongencoding,1
fffffffe,1
4499,1
transform,1
querynodeprocessor,1
glue,1
writeobjecta,1
instrument,1
gpl2,1
objectoutputstream,1
spannearpayloadcheckquery,1
spanpayloadcheckquery,1
spanpositionrangequery,1
spanfirstquery,1
fieldmaskingspanquery,1
spanorquery,1
spannotquery,1
lemmatize,1
tuscany,1
reloading,1
decissions,1
memorydocvaluesformat,1
exceptionin,1
enumerates,1
3rd,1
resultscolletor,1
colletor,1
topresultscollector,1
unbased,1
accecpt,1
unimplemented,1
agreed,1
setallowleadingwildcard,1
guilty,1
bundle,1
aid,1
hashed,1
uniquevalues,1
procedure,1
sortedvintlist,1
getbytesize,1
successive,1
termrangequery,1
regexpquery,1
payloadfunction,1
payloadtermquery,1
payloadnearquery,1
alreadyclosed,1
decrement,1
closedirectory,1
quicker,1
configurabledocmaker,1
docstatemaker,1
reuterscontentsource,1
enwikicontentsource,1
gotten,1
bizzare,1
somehwat,1
inspects,1
reuters,1
makedocument,1
1591,1
getnextdocdata,1
preparing,1
writelinedoc,1
wil,1
gzipoutputstream,1
blueprint,1
alike,1
fieldvalue,1
fielddescriptor,1
marvin,1
atlantic,1
flight,1
docmaking,1
dfff,1
d800,1
interpreted,1
isolating,1
modularizing,1
hardwire,1
mux,1
accpets,1
lafferty,1
zhai,1
hoc,1
uncreased,1
nolonger,1
indexread,1
indexnotread,1
kill,1
examining,1
28k,1
999999,1
correcting,1
nonsense,1
bufferedinputstream,1
newdoc,1
fielddescriptors,1
dirichlet,1
mercer,1
jelinik,1
collectionutil,1
brave,1
commiting,1
newcachingtokenstream,1
revealed,1
dfsindexoutput,1
fff8000000000000,1
fff0000000000000,1
ffefffffffffffff,1
7ffffffffffffffe,1
smoothed,1
lmjelinikmercersimilarity,1
lmdiricheltsimilarity,1
jaspell,1
accent,1
createweight,1
queryweightwrapper,1
mating,1
insane,1
newsize,1
rehash,1
craziest,1
resizeat,1
testbyteblockordset,1
testbytesrefhash,1
bytesrefarray,1
bytesequence,1
backgound,1
getbackgroundscore,1
readingattribute,1
wdf,1
chr,1
separator,1
ghost0christmas0past,1
hatcher,1
erik,1
2006,1
mar,1
0010000000000000,1
000fffffffffffff,1
testdoubleencoding,1
testnewtokenstreamapi,1
nexttoken,1
prototypetoken,1
positionincrementattribute,1
getmaxint,1
maxterm,1
infix,1
precisionstep,1
longfield,1
dog,1
brown,1
fox,1
apropos,1
presumably,1
7x24,1
acces,1
topscorer,1
activeable,1
acceptsdocsoutoforder,1
setallowoutoforder,1
tokenattribute,1
termattributeimpl,1
constrained,1
feasible,1
5860,1
reply,1
pipe,1
broad,1
appraoch,1
3714,1
wfsa,1
1301,1
offload,1
4795,1
promising,1
stuck,1
asciifoldingfitler,1
procedere,1
unsupoorted,1
explaination,1
1753,1
teesinktokenfilter,1
overlaid,1
claiming,1
suppress,1
junit3,1
validators,1
listen,1
chaining,1
shadowing,1
currect,1
getusenewapi,1
pointing,1
locked,1
acquires,1
waited,1
correspondent,1
accessibility,1
adjustable,1
repeatability,1
augment,1
race,1
randomizedtest,1
prevayler,1
fundamentalist,1
everybody,1
superset,1
meant,1
distancequerybuilder,1
800ms,1
undone,1
jdk1,1
formal,1
fuzzies,1
runaway,1
settle,1
identity,1
foolishly,1
thumb,1
afterclass,1
beforeclass,1
randomizedtesting,1
carrotsearch,1
timelimitedcollector,1
conventional,1
configureable,1
1741,1
segmetn,1
upcoming,1
opennorms,1
stumbled,1
tweaking,1
portableindexexporter,1
preflexcodec,1
serviceprovider,1
restructuring,1
inconsistency,1
skeleton,1
handing,1
spatialfilter,1
lucenequerydictionary,1
lucenetokenfrequencyvector,1
ease,1
tokenattributes,1
logical,1
hog,1
recompression,1
didnt,1
fieldsource,1
streamed,1
cutoff,1
outofmemory,1
provoke,1
conserve,1
mutablestring,1
complaining,1
787,1
numericrange,1
turning,1
fieldindex,1
positionsconsumer,1
positionsenum,1
serialze,1
freqproxtermswriterperfield,1
rote,1
restructure,1
getnormvalues,1
getsortedsetdocvalues,1
getsortednumericdocvalues,1
getsorteddocvalues,1
getbinarydocvalues,1
getnumericdocvalues,1
getindexhandler,1
getcrud,1
myclass,1
linkedlist,1
shoud,1
indexhandler,1
sick,1
gettermvectors,1
storedfieldvisitor,1
getpostingsreader,1
getdocvaluesreader,1
getnormsreader,1
evenerything,1
valueof,1
confighandler,1
fieldconfig,1
fidelity,1
maximizes,1
navigated,1
5735,1
numberrangeprefixtree,1
prefixtreefacetcounter,1
heatmap,1
heatmaps,1
newregexquery,1
regexquery,1
extendible,1
interpret,1
enclosed,1
customisation,1
appending,1
controller,1
wondered,1
copytobytearray,1
darned,1
niofsdir,1
money,1
hey,1
foreground,1
1526,1
implimented,1
valuesourcequery,1
getdocvalues,1
rectangular,1
360x360,1
deriving,1
conveniently,1
covering,1
populating,1
likelihood,1
multiplying,1
simplelrucache,1
zag,1
zig,1
sloppy,1
iso8859,1
scsu,1
royalty,1
avilable,1
freely,1
patented,1
bocu,1
supposition,1
1793,1
overriden,1
defaultthreshold,1
auxiliary,1
carmel,1
barrel,1
getfieldsreader,1
gettermvectorsreader,1
filterreaders,1
codepath,1
checkintegrity,1
checkreader,1
unrelated,1
uninvertingreader,1
wishing,1
silliness,1
ordinalmaps,1
readwritelock,1
forget,1
multilevelskiplistreader,1
multilevel,1
fraction,1
pile,1
sortingmergepolicy,1
crc32,1
2215,1
searchafter,1
sits,1
tad,1
boxids,1
cartesiahshapefilter,1
cartesianshapefilter,1
pruningtool,1
parametric,1
examine,1
concatenation,1
nfa,1
concatenate,1
automatontermsenum,1
backing,1
lease,1
2809,1
searcherlifetimemanager,1
takeover,1
pread,1
2047,1
swapping,1
gwrite,1
rrwl,1
significance,1
skim,1
fat,1
lean,1
doubled,1
gcable,1
2075,1
588,1
1486,1
1768,1
bean,1
hitsiterator,1
ejb,1
accompanying,1
lockname,1
lexicographic,1
intervaliterator,1
scrutiny,1
survived,1
1458,1
wrapup,1
setsubphraseconf,1
phraseboost,1
ignoreduplicates,1
matchonlylongest,1
ignorefieldnorms,1
ignoreidf,1
handler,1
thrice,1
furniture,1
longest,1
swimming,1
setpivot,1
beware,1
galloping,1
frustrated,1
4839,1
filterindexreader,1
flawed,1
flaw,1
conceptual,1
participate,1
exept,1
heapify,1
icucollationkeyanalyzer,1
indexablebinarystring,1
duty,1
collationkeyanalyzer,1
insanity,1
fieldcachesanitychecker,1
indexcaches,1
fieldcachekey,1
1749,1
1579,1
bloated,1
imposed,1
succeded,1
cv,1
multivectors,1
instanciate,1
regulard,1
delegated,1
sidestep,1
comparepivot,1
fieldcachetermsfilter,1
indexfieldcacherangefilter,1
unsupported,1
illegalargumentexceptions,1
closeable,1
sortertemplate,1
unimportant,1
elementat,1
bet,1
matcher,1
violation,1
floatoutputs,1
wfstsuggester,1
onclose,1
closeablethreadlocal,1
housekeeping,1
ineefficiently,1
geohashes,1
calculator,1
1732,1
resetting,1
faceted,1
5940,1
generify,1
infinite,1
fake,1
filteratomicreader,1
repackaging,1
getchildren,1
indexfieldcachesanitychecker,1
indexfieldcacheimpl,1
indexfieldcachetermsfilter,1
transparency,1
earth,1
circumference,1
spatialconstants,1
tidying,1
distanceunits,1
nadav,1
fastset,1
lucenetest,1
mycustomlocker,1
dorg,1
alerted,1
getlockname,1
islocked,1
ensurecapacitywords,1
ensurecapacity,1
concurrancy,1
immed,1
crude,1
strengthened,1
unecessarily,1
harmless,1
atomicinteger,1
blank,1
geohashed,1
geohashdistancefilter,1
latlngdistancefilter,1
tidy,1
1934,1
fixedlatlng,1
floatlatlng,1
linesegment,1
strike,1
2161,1
balancedsegmentmergepolicy,1
getwriter,1
forwarding,1
2156,1
mutators,1
objetct,1
simultaneously,1
getbesttextfragments,1
getbestfragment,1
utilize,1
triple,1
randomaccessfile,1
necassary,1
unresponsive,1
havoc,1
cat,1
simplefsindexinput,1
loadfirstfieldselector,1
setbasedfieldselector,1
modeled,1
fieldsinfo,1
looping,1
networking,1
getresourceasstream,1
placing,1
inheriting,1
embodied,1
simplefsdirectory,1
niofsdirectory,1
recommends,1
pseudocode,1
board,1
socket,1
indexwriterservice,1
restarting,1
provisioning,1
ride,1
computationally,1
lazyfield,1
promptly,1
surgical,1
insertafter,1
caache,1
1990,1
termref,1
mabye,1
noun,1
swedish,1
karl,1
exclusion,1
1515,1
willingness,1
hesitate,1
openrelevance,1
rip,1
indonesian,1
hindi,1
persian,1
uploading,1
fare,1
pivoted,1
cosine,1
specification,1
incidentally,1
totalhitcountcollector,1
slide,1
jurisdiction,1
jce,1
multipq,1
singlepq,1
country,1
sortablesingledocsource,1
sortbench,1
pqs,1
100m,1
chararrayset,1
dutch,1
chararraymap,1
urandom,1
inconvenient,1
blanket,1
installed,1
securerandom,1
stringhelper,1
faciliate,1
readchars,1
skipchars,1
509,1
deprecation,1
analog,1
inaccuracy,1
byproduct,1
disterrpct,1
disterr,1
ineffective,1
compareables,1
matchflag,1
recursiveprefixtree,1
ironed,1
overusing,1
raised,1
outperforms,1
eye,1
log2n,1
loses,1
exotica,1
inability,1
1929,1
spotter,1
arent,1
enrolls,1
maxfieldlength,1
delivers,1
reattach,1
caveat,1
tryincref,1
searchertaxopair,1
protect,1
ensureopen,1
maybereopen,1
maxfieldlengthanalyzer,1
checkabort,1
mergestate,1
interrupting,1
cooperative,1
abortable,1
banned,1
hasattribute,1
bytesrefgetterattribute,1
addattribute,1
maxgraphexpansions,1
preservepositionincrements,1
preservesep,1
topsuggestdocscollector,1
name1,1
jeffatwebdoyen,1
title1,1
setcodec,1
issuggestfield,1
completion50postingsformat,1
lucene50codec,1
indexanalyzer,1
ambitious,1
perfieldanalzyerwrapper,1
setanalyzer,1
omittfap,1
summarizing,1
dicussions,1
bytesrefgetterattributewrapper,1
taxonomyreader,1
joinutil,1
cheapbastardcodec,1
bitmap,1
livedocsformat,1
mock,1
exempt,1
getdefault,1
topath,1
10938ms,1
termid,1
termshash,1
2293,1
alreadysetexception,1
welcomed,1
settable,1
incurring,1
extrafs,1
insist,1
disagrees,1
robustness,1
trival,1
distingues,1
categorized,1
numericfieldtype,1
converted,1
reviewed,1
1879,1
wide,1
nio2,1
listcommits,1
10719ms,1
10406ms,1
10360ms,1
10203ms,1
2938ms,1
12391ms,1
12609ms,1
12484ms,1
11625ms,1
3187ms,1
readwrite,1
docstoreless,1
termindexless,1
indexreaderwarmer,1
copypasted,1
sr,1
winded,1
copypaste,1
tangled,1
evolved,1
2312,1
newsegmentreader,1
stringindex,1
eskildsen,1
2320,1
extendability,1
fastly,1
perfomance,1
indexsearch,1
2283,1
slowness,1
subtract,1
jres,1
compaction,1
writerbackedreader,1
sreaders,1
mutabled,1
readonlydirectoryreader,1
narrowed,1
termsvector,1
threadlocal,1
termsindex,1
2844ms,1
16188ms,1
15656ms,1
15593ms,1
14953ms,1
3156ms,1
18562ms,1
18234ms,1
sts,1
nowhere,1
millseconds,1
300,1
attachement,1
firstly,1
optimze,1
straigthforward,1
responsabilities,1
focusing,1
positioned,1
strategically,1
cirurgical,1
teststats,1
sims,1
fieldsimilarityprovider,1
11047ms,1
10734ms,1
10766ms,1
3687ms,1
14656ms,1
15172ms,1
14890ms,1
14812ms,1
customizeable,1
pangaea,1
male,1
chris,1
chat,1
distancequery,1
influencing,1
maintainer,1
understood,1
easly,1
sorry,1
kb,1
rapidly,1
myowncachingstructurefactory,1
infinispancachefactory,1
ehcachefactory,1
precalculated,1
reurn,1
getdistance,1
stripped,1
priate,1
farer,1
customscore,1
alive,1
18313ms,1
17812ms,1
3453ms,1
delivering,1
mult,1
1308,1
synchronizedmap,1
measurement,1
breakiterator,1
tailor,1
icutokenizerconfig,1
1488,1
consolidation,1
empowers,1
unstable,1
setsourceid,1
affinity,1
getsourceid,1
lng,1
customscoreprovider,1
geodistancecalculator,1
nrf,1
getboundingboxdocidset,1
getdistancescore,1
woolf,1
ross,1
utf8result,1
hebrew,1
syllabification,1
lao,1
myanmar,1
khmer,1
thai,1
unifying,1
vms,1
overwrites,1
killed,1
crashing,1
saturation,1
mileage,1
bytesused,1
atomiclong,1
rawpostinglist,1
2427,1
getdirectorycomparator,1
applicable,1
handy,1
essence,1
dividing,1
propagation,1
observable,1
converge,1
diverge,1
timeliness,1
facilitates,1
anti,1
expunges,1
maybeexpungeoldestsplit,1
rotatingsplitpolicy,1
prime,1
flowing,1
employed,1
2428,1
cron,1
periodicity,1
charachters,1
15x,1
30x,1
userandomaccess,1
randomaccessfilterstrategy,1
fixedbitsets,1
implicite,1
mount,1
uridirectory,1
establishes,1
formally,1
cycling,1
830,1
necesary,1
freeing,1
termvectorstermswriter,1
storedfieldswriter,1
normswriter,1
interacts,1
inception,1
overcomes,1
archived,1
constrains,1
bocu1,1
clearing,1
stopfilter,1
termshashconsumer,1
docfieldconsumer,1
intemittant,1
shoot,1
consumable,1
similaritybase,1
obey,1
sorta,1
narrower,1
partitioned,1
mention,1
balancing,1
industrial,1
discusions,1
outline,1
filedescriptor,1
fileblock,1
capped,1
addspanbuilder,1
addquerybuilder,1
addspanquerybuilder,1
transmission,1
16348,1
outermost,1
naber,1
rankingtest,1
informed,1
bytesreftermattr,1
chartermattr,1
cassandraindexinput,1
cassandraindexoutput,1
camp,1
verca,1
interprets,1
columnorientedfile,1
columnorienteddirectory,1
inode,1
corrupt,1
irreversebly,1
excuse,1
tfidfsimilarity,1
booleanscorer,1
4571,1
tagindexreader,1
localized,1
engaged,1
scriptattribute,1
cjk,1
typeattribute,1
shinglefilter,1
bigram,1
cjktokenizer,1
specifiable,1
brainstorming,1
braching,1
instantly,1
elasticity,1
marry,1
lucandra,1
thrift,1
cassandraclient,1
completionservice,1
checksumindexoutput,1
emulated,1
autoprefixautomaton,1
geohashprefixtree,1
quadcell,1
endpoint,1
degrade,1
indirectly,1
ness,1
renameto,1
guaranteee,1
1278,1
largedochighlighter,1
asyncfsdirectoty,1
syncronize,1
remembering,1
precede,1
snowball,1
euro,1
indexin,1
500ms,1
1200,1
700,1
primed,1
typecasting,1
ugliness,1
owning,1
completionservices,1
smallest,1
fifo,1
polling,1
standarddirectoryreader,1
gradienthighlighter,1
pant,1
proverbial,1
dictate,1
disclosure,1
stab,1
sitting,1
talking,1
planned,1
holistic,1
deems,1
concluded,1
knowing,1
reiterate,1
spanning,1
fasttermvectorhighlighter,1
barebones,1
flesh,1
termvectorhighlighter,1
termfragments,1
exposure,1
asyncfilechannel,1
4848,1
asyncfsdirectory,1
attack,1
bite,1
mandatory,1
3736,1
doopenifchanged,1
hooking,1
relatinship,1
s4j,1
practically,1
smartcn,1
artifact,1
consolidated,1
eddie,1
indexcommits,1
customizing,1
prepares,1
browsing,1
xeon,1
ghz,1
devised,1
depracted,1
convention,1
iterativehighlight,1
finan,1
indie,1
rock,1
roling,1
superstitious,1
seper,1
startrek,1
starwars,1
mathematics,1
deferring,1
twiddling,1
geopolygonquery,1
geoboundingboxquery,1
trim,1
rigor,1
jts,1
user1,1
4000,1
3gb,1
whitespaceanalyzer,1
raid0,1
segsize,1
csdlist,1
csd,1
dual,1
10g,1
commented,1
deferred,1
heavyweight,1
tagging,1
docdelta,1
125,1
implimention,1
equator,1
milli,1
dvformat,1
bkdpointinbboxquery,1
lucene50dvformat,1
bkdtreedocvaluesformat,1
bkdpointfield,1
bs1,1
sortingleafreader,1
suggestscoredoc,1
addcontext,1
bernhard,1
whants,1
letter,1
user2,1
5729,1
inevitable,1
spatialstrategies,1
suboptimal,1
geo3dpointfield,1
investigates,1
geohashing,1
64bit,1
getbinaryvalue,1
gettlenght,1
getoffset,1
beat,1
gathered,1
removeduplicatestokenfilter,1
keywordrepeaterfilter,1
miscellaneous,1
contradicts,1
concurently,1
20m,1
ramoutputstream,1
phraseweight,1
sloppyfreq,1
sloppyphrasescorer,1
leaky,1
3001,1
1001,1
unlucky,1
defaultbulkscorer,1
spanweight,1
acceptdocs,1
talked,1
hassle,1
742,1
805,1
383,1
965,1
702,1
691,1
taxi,1
nyc,1
sweetspotsimiliarity,1
95120,1
jose,1
san,1
harry,1
650,1
almaden,1
338,1
criticism,1
geopointdistancequery,1
percolator,1
setdocandfreq,1
minshouldmatchsumscorer,1
longvaluessource,1
alongside,1
raising,1
subquery,1
drillsideway,1
multithreading,1
collectionmanager,1
paralleldrillsideways,1
bufferedoutputstream,1
ssd,1
reproducible,1
cellcomparator,1
164,1
temporal,1
symposium,1
international,1
geodetic,1
kriegel,1
zimek,1
schubert,1
testindexwritermerging,1
intermittant,1
adopted,1
serially,1
maxbuffereddeleteterms,1
renumber,1
export,1
forbidding,1
crux,1
forbid,1
pollute,1
priorize,1
pointtorectminimumdistance,1
neutral,1
fuzzysearch,1
similartokenfilter,1
differents,1
classical,1
disturbing,1
smoothlier,1
spellchecking,1
georelationutils,1
ist,1
tcp,1
giese,1
tilman,1
mergeratelimiter,1
awareness,1
morelikethisparams,1
funcitonality,1
separating,1
misleadingly,1
fixable,1
trivially,1
overwritten,1
giant,1
callable,1
ssds,1
embarrassingly,1
ridiculous,1
3340,1
ebay,1
ipod,1
pod,1
computational,1
increasingly,1
recurse,1
oversimplified,1
squareness,1
boil,1
five,1
pleases,1
ratelimiter,1
appropriately,1
remoteobject,1
strategythat,1
functionalty,1
demarcated,1
evolution,1
tentative,1
documentclassifiers,1
mature,1
performantly,1
platuea,1
sweetspot,1
similiarty,1
dynamicly,1
declaring,1
bucketing,1
standing,1
3628,1
numerbrangeprefixtreestrategy,1
hast,1
contributed,1
law,1
bloomberg,1
meeting,1
motivator,1
bay,1
worddelimiterfilter,1
wikipediatokenizer,1
hoop,1
openindexreader,1
openindexwriter,1
exciting,1
reflecting,1
resorting,1
student,1
mentor,1
soaking,1
esp,1
bandwidth,1
12gb,1
commodity,1
offloaded,1
speeded,1
acceleration,1
hhypermap,1
harvard,1
funded,1
geocoding,1
prefixgridscanlevel,1
daterangefield,1
7153,1
rect,1
makegeopolygon,1
esri,1
617,1
596,1
113,1
compability,1
550,1
unspecified,1
equation,1
graphing,1
hyperbolic,1
penum,1
impressed,1
summer,1
newsolidquery,1
tweaked,1
termdocfrequencyattribute,1
stuffing,1
explosion,1
combinatorial,1
disallow,1
7638,1
inaccurate,1
106,1
130,1
rug,1
shoving,1
7109,1
7019,1
crossing,1
6161,1
applydeletesandupdates,1
counterclockwise,1
clockwise,1
determination,1
belief,1
sporadically,1
gathering,1
sortedsetdocvaluesfield,1
hurdle,1
yyy,1
bfs,1
disjunctionmax,1
catching,1
9582,1
180314,1
optimizationlistener,1
deletelistener,1
everytime,1
positioning,1
unwrapping,1
unwrap,1
minority,1
incrementing,1
conditionals,1
bkd3d,1
6861,1
3023,1
hang,1
3342,1
2680,1
2897,1
orientation,1
multipolygon,1
awt,1
rounding,1
topologically,1
pip,1
toolkit,1
jate,1
newdistancequery,1
correctness,1
3rc1,1
beefed,1
dominates,1
setpayload,1
autofreshedsearcher,1
contentupdatelistener,1
district,1
london,1
8ms,1
9ms,1
4ms,1
5ms,1
invader,1
brother,1
mario,1
createlistener,1
notification,1
notifiableindex,1
vlong,1
raid,1
depressingly,1
getpayloadlength,1
7239,1
polys,1
stability,1
247,1
yourkit,1
postionincrement,1
redundancy,1
upside,1
storablefields,1
indexablefields,1
iterables,1
storedfieldsvisitor,1
3309,1
reliability,1
85ms,1
94ms,1
addnumericfield,1
changer,1
game,1
denser,1
grand,1
setnext,1
issinglevalued,1
setdocument,1
singletonsortednumericdocvalues,1
ingestion,1
latlontree,1
tougher,1
virtue,1
cheaply,1
irregular,1
tile,1
65k,1
numdocswithfield,1
adaptation,1
bitcount,1
claimed,1
dark,1
inplacemergesorter,1
unstructured,1
magical,1
morning,1
dependence,1
facetfields,1
ore,1
packedlongvalues,1
addvalue,1
numericiterator,1
proxskip,1
freqskip,1
65504,1
6x10,1
rarely,1
accepting,1
geopointinpolygonquery,1
createquery,1
pojos,1
organised,1
10mb,1
2mb,1
0x110000,1
zzunpackcmap,1
clinit,1
codepoints,1
analysisoffsetstrategy,1
reliance,1
fieldoffsetstrategies,1
offsetstrategies,1
linkpermissions,1
reliable,1
indroduces,1
associationfacetfields,1
redundantly,1
seekingtermsettermsenum,1
getcollectorterms,1
maxord,1
gettermsindex,1
getdoctermsords,1
getterms,1
singlevalued,1
composed,1
engagement,1
0x20,1
sixth,1
apology,1
preserveoriginal,1
emitted,1
1999,1
camelcase,1
456,1
adversely,1
postingsenums,1
compositepostingsenum,1
postingswithtermvectorsoffsetstrategy,1
termvectoroffsetstrategy,1
distills,1
moman,1
lev,1
levt,1
confirmation,1
7537,1
setindexsort,1
conditionalize,1
posterity,1
inefficiently,1
historical,1
rebase,1
checkout,1
repo,1
decompressed,1
decrypts,1
expertise,1
bytearray,1
retrievel,1
bitmask,1
observation,1
tellling,1
indexreader2,1
indexreader1,1
def456,1
abc123,1
abc123def456,1
anchored,1
patterntokenizer,1
lapierre,1
barrette,1
philippe,1
jean,1
setsimilarity,1
getdefaultquerycache,1
setdefaultquerycache,1
getquerycache,1
setquerycache,1
setquerycachingpolicy,1
getquerycachingpolicy,1
getdefaultquerycachingpolicy,1
setdefaultquerycachingpolicy,1
indexsearcherconfig,1
comprehensive,1
smooth,1
hibernate,1
loud,1
science,1
continues,1
accross,1
geosahpes,1
getminsegmentluceneversion,1
getcommitluceneversion,1
setversion,1
setuserdata,1
setnextwritegeneration,1
getinfostream,1
getlastgeneration,1
getgeneration,1
getid,1
getnextpendinggeneration,1
getsegmentsfilename,1
getlastcommitsegmentsfilename,1
getlastcommitgeneration,1
segmentinfosconfig,1
notable,1
adverse,1
persisting,1
scrutinizing,1
surroundqueryparser,1
flexiblequeryparser,1
utils,1
directspellchecker,1
levenshteinautomata,1
legal,1
followed,1
downcase,1
writable,1
trailing,1
restore,1
geopolygons,1
internaledges,1
geoconcavepolygon,1
geocompositepolygon,1
getcutoffangle,1
getpoints,1
getshape,1
geocompositeshape,1
getradius,1
getcenter,1
bksv,1
wright,1
getrelationship,1
baseplanetobject,1
againts,1
geoarea,1
responsability,1
fingerprintfilter,1
mutbalevalues,1
concave,1
discreatization,1
intersested,1
geocomplexpolygons,1
reorganization,1
scoreddocids,1
matchingdocs,1
standardfacetscollector,1
countingfacetscollector,1
facetresultshandlers,1
minimzing,1
tokenselector,1
testparallelwriter,1
concavity,1
sumscore,1
implclosechannel,1
mockfilesystems,1
accesscontroller,1
mockfilesystem,1
6684,1
succeeded,1
ntfs,1
repetition,1
lz77,1
meantime,1
sole,1
thingy,1
6745,1
openrefine,1
normalizing,1
excel,1
paste,1
phenomenon,1
accented,1
querytime,1
unexpected,1
vietnamese,1
2605,1
spirit,1
facetarrayssource,1
distributing,1
zipdirectory,1
nasty,1
facetarrays,1
guided,1
countingfacetsaggregator,1
randomaccessstratogy,1
quietly,1
appendix,1
disastrous,1
lockable,1
getattributeinterfaces,1
attributesourcew,1
getimplementationdistance,1
otis,1
rereading,1
virtualmethod,1
korean,1
substitution,1
vowel,1
voiced,1
spreadsheet,1
cube,1
axis,1
inappropriate,1
tandem,1
requesting,1
contender,1
prudent,1
gettermsreader,1
scalling,1
engels,1
testingqueryparser,1
hdd,1
marking,1
hilbert,1
shifting,1
bigdecimal,1
surname,1
subcase,1
pratically,1
field3,1
powerfull,1
feeding,1
pointvalueswriter,1
book,1
precedencequeryparser,1
extendablequeryparser,1
complexphrasequeryparser,1
yielded,1
fieldstream,1
forum,1
altitude,1
incarnation,1
closedlistener,1
addreaderclosedlistener,1
addcoreclosedlistener,1
getcombinedcoreanddeleteskey,1
getcorecachekey,1
7253,1
attache,1
livedocs,1
3584,1
segementdocsenum,1
comfortable,1
involvement,1
template,1
inherently,1
xxxdocvalues,1
restrictive,1
searchserver,1
globalization,1
egypt,1
bidi,1
ayah,1
7897,1
implying,1
topnsearcher,1
sparsity,1
1gb,1
budget,1
ish,1
dimensionalfield,1
6825,1
beyong,1
parrallelreader,1
latlonpointsortfield,1
synchronously,1
flushnextbuffer,1
orange,1
lane,1
disables,1
underestimating,1
lucence,1
workspace,1
iml,1
spatially,1
zipped,1
getdirectory,1
diffs,1
629,1
slighly,1
maxsegmentsizemb,1
spatialcontextfactory,1
athe,1
geodegeneratedpoint,1
appropiate,1
geobbox,1
degenerated,1
indexaccessors,1
newbie,1
luceneindexaccessor,1
internet,1
interactive,1
testmultisearch,1
recomputing,1
4100,1
setmincompetitivescore,1
sle,1
minimally,1
300g,1
200g,1
routinely,1
recover,1
80g,1
maxallowedpctdeletedinbigsegments,1
gist,1
fsdirectorylockfactoryclass,1
nolockfactory,1
setdisablelocks,1
forcemerging,1
exacerbates,1
button,1
era,1
unordered,1
spanquerys,1
idv,1
promotion,1
varints,1
fixedints,1
sortedbytes,1
valuestype,1
convinced,1
valuetype,1
usecase,1
solicit,1
400k,1
64gb,1
16gb,1
sp1,1
jim,1
matchesiterator,1
encodelat,1
tessellatedpoly,1
889,1
polywhole,1
mapbox,1
opengl,1
decomposition,1
clarity,1
graphic,1
serializable,1
kohlschuetter,1
gaming,1
sheer,1
ispayloadavailable,1
lessening,1
valuable,1
termvectorswriter,1
attempted,1
genesis,1
timer,1
multisearch,1
workstation,1
unsynchronized,1
stopped,1
exceeded,1
308,1
871,1
969,1
etcetera,1
pdfs,1
getlivedocs,1
acquired,1
817,1
215,1
congestion,1
50k,1
setmaxdocbytestoanalyze,1
harwoods,1
serialmergescheduler,1
logdocmergepolicy,1
backround,1
ramfile,1
newinstance,1
daunting,1
slicing,1
trickery,1
hyper,1
aws,1
60mb,1
500k,1
complicates,1
deps,1
directoryreplicator,1
listall,1
deletage,1
deletefile,1
rfe,1
fiedable,1
indexformat,1
tmpfs,1
abused,1
scream,1
queryfilters,1
enjoy,1
cve,1
softdeletesretentionmergepolicy,1
relief,1
saturates,1
bm25f,1
negates,1
subqueries,1
enforcing,1
news,1
enclose,1
limiting,1
couchdbs,1
7903,1
progressive,1
mismatch,1
impedance,1
announcement,1
vulnerability,1
11771,1
2018,1
extendable,1
fulltexthighlighter,1
termpositionvector,1
paying,1
getarray,1
hasarray,1
int16,1
float32,1
numtokens,1
narrowing,1
offestsenum,1
bypassing,1
fieldoffsetstrategy,1
acheive,1
defaultfieldsreader,1
defaultfieldswriter,1
defaultindexformat,1
finnaly,1
whatver,1
flexscoring,1
downfall,1
evidence,1
querycachingpolicy,1
propitiate,1
subfieldname,1
createcomponents,1
directreader,1
forrange,1
collectmissing,1
collectord,1
collectvalue,1
remapped,1
splitted,1
unpacking,1
ordvalue,1
nextord,1
violated,1
shed,1
jimczi,1
spoke,1
phrased,1
unitary,1
scanned,1
movement,1
matchalldocs,1
routing,1
examination,1
canonicalization,1
canonical,1
spanrewriter,1
duplicative,1
debatable,1
queryrewriterwithindexreader,1
ruin,1
docvaluesfacets,1
getsortedset,1
getsorted,1
lucene70docvaluesproducer,1
bufferedupdatestream,1
testparallelcompositereader,1
positively,1
abusive,1
strip,1
affords,1
granted,1
minimumnumbershouldmatch,1
looser,1
bookkeeping,1
ensuing,1
transparently,1
appended,1
testboolean2,1
testqueries02,1
seekscountingstream,1
maxbuffereddocs,1
impacted,1
distilled,1
explores,1
docvaluesfieldupdates,1
docvaluesiterator,1
refactors,1
uncontrolled,1
tragic,1
axsimilarity,1
favoring,1
stronger,1
multiplicative,1
pctg,1
rating,1
communicate,1
plugging,1
graphtokenstream,1
fixedshinglefilter,1
seracher,1
jmx,1
indexe,1
overridable,1
rush,1
spikey,1
opencompoundinput,1
wouldnt,1
mmaps,1
treates,1
hammer,1
lars,1
2003,1
lucene50postingsreader,1
cognizant,1
smiley,1
roustant,1
bruno,1
duran,1
rodriguez,1
camilo,1
juan,1
flavor,1
fulfilled,1
subjectively,1
uniformsplittesting,1
visually,1
pdf,1
objective,1
relieve,1
tessellate,1
likeliness,1
minimummatch,1
spare,1
singlevaluedocvaluesfieldudpates,1
singlevaluedocvaluesfieldupdates,1
represenation,1
patched,1
eof,1
couldnt,1
readinternal,1
precisionsteps,1
maxbufsize,1
bufoffset,1
linkedhashmap,1
latitude,1
xyshape,1
100gb,1
quarter,1
30gb,1
40gb,1
10gb,1
265,1
grew,1
8619,1
57gb,1
265gb,1
65b,1
60m,1
told,1
waseful,1
edgetree,1
exclusive,1
mutually,1
touch,1
analytical,1
awkwardness,1
frozenbufferedupdates,1
bogus,1
sychronized,1
applicatation,1
elimianting,1
thereby,1
readbutes,1
predictable,1
simulates,1
latlonshapequery,1
designer,1
stock,1
finest,1
indicated,1
predetermined,1
conservative,1
knob,1
epsilon,1
confounds,1
multinomial,1
combinatorics,1
proportional,1
prorated,1
line2d,1
polygon2d,1
relatetriangle,1
results2,1
docvaluesbooleanquery,1
filed,1
docvaluesraw,1
estimate,1
synteticdocvaluesbench70,1
superfluous,1
touching,1
disaster,1
discovered,1
iw,1
tpcs,1
twophasecommittool,1
preparecommit,1
seekexact,1
negatively,1
accountability,1
stopping,1
expands,1
phrasewildcardquery,1
pagerank,1
featurefield,1
demonstrated,1
uniquely,1
leafreadercontexts,1
autogenerated,1
chatting,1
outweight,1
conceived,1
green,1
allbits,1
twophaseiterator,1
optimise,1
obtaining,1
newvalueaccessor,1
getleafcomparator,1
upfront,1
leaffieldcomparator,1
visitation,1
blocktreetermsreader,1
2308,1
abstracfield,1
bare,1
vintencoder,1
dgapencoder,1
dgap,1
eric,1
experienced,1
incident,1
eviction,1
dozen,1
lookupclass,1
bufferedindexoutput,1
inplementation,1
implented,1
solely,1
computestats,1
computeweight,1
opining,1
scrutinize,1
coll,1
implementor,1
agains,1
8688,1
iwth,1
knngraphfield,1
continually,1
bidirectionally,1
impractical,1
interdocument,1
emerges,1
undirectedly,1
pioneered,1
navigating,1
researcher,1
12890,1
embeddings,1
disjuncted,1
spring,1
realised,1
japan,1
unidic,1
neologd,1
risen,1
obsoleted,1
analyser,1
2020,1
1st,1
satisfies,1
interrupt,1
troublesome,1
elimination,1
diverse,1
monday,1
yonik,1
665,1
usefulness,1
chinese,1
tokinzer,1
signifying,1
rhetorical,1
excluding,1
hackity,1
coalesce,1
findfullflushmerges,1
froh,1
8939,1
dove,1
learner,1
japanesetokenizer,1
gosen,1
difficulty,1
chased,1
reporting,1
scoreboard,1
tiebreakmultiplier,1
repeating,1
associating,1
thesituation,1
combat,1
misbehaving,1
permissive,1
omission,1
intentional,1
recognized,1
mixture,1
ttt,1
ss,1
respin,1
wand,1
2017,1
translated,1
monotonicity,1
7997,1
lightly,1
converse,1
modal,1
clunky,1
visitleaf,1
disallows,1
tobufferlist,1
apparently,1
9027,1
numhits,1
dweiss,1
docnumber,1
remark,1
skiplevellength,1
defaultskiplistreader,1
abstractskiplistwriter,1
6250,1
summery,1
filenotfoundexception,1
denied,1
fileformats,1
interruptible,1
draft,1
gettermfreqvectors,1
termvectorreader,1
mapper,1
syserr,1
redirecting,1
9120,1
onoutput,1
rat,1
groovy,1
readme,1
lockfile,1
palantir,1
helpdeps,1
dicussed,1
remarkably,1
sandboxing,1
randomization,1
worker,1
forbiddenapis,1
63904ms,1
man,1
engage,1
lesson,1
cao,1
miller,1
packaged,1
cwd,1
afraid,1
rerunning,1
beasting,1
dist,1
xslt,1
precompiled,1
lint,1
importance,1
numberofleafnodes,1
testmemorycachedrangefilterperformance,1
sortedfieldcache,1
immuntability,1
lastmodified,1
testlastmodified,1
testindexreader,1
extentsions,1
indexfilenames,1
findsegmentsfile,1
39265,1
gossamer,1
www,1
40,1
lexographically,1
876ms,1
vargapfixedinterval,1
thoroughly,1
debugged,1
intersecttermsenum,1
xypointfield,1
documentidsetiterator,1
lucene85compositedocvaluesformat,1
lucene80docvaluesformat,1
compositedocvaluesformat,1
uneven,1
currenty,1
harmonise,1
initialised,1
xypoint,1
xyline,1
xypolygon,1
speech,1
vision,1
advertising,1
industry,1
rapid,1
embedding,1
emergence,1
decade,1
discipline,1
established,1
minimizationoperations,1
runautomaton,1
anticipating,1
rejected,1
consecutively,1
vital,1
tortoisegit,1
checkworkingcopyclean,1
embarrassing,1
faced,1
demerit,1
supporter,1
nprobe,1
advertisement,1
personalized,1
nsg,1
ssg,1
lsh,1
familier,1
sptag,1
microsoft,1
faiss,1
munging,1
forbids,1
checkboxes,1
stati,1
differs,1
sophisticated,1
setmaxbuffereddocs,1
setrambuffersize,1
multidocumentwriter,1
deprecating,1
getmaintenancespecification,1
findsegmentsformaintenance,1
maintenancepolicy,1
domaintenance,1
cohen,1
doron,1
assembly,1
documentb,1
masurel,1
mentioning,1
simpletextbkdindexwriter,1
simpletextbkdwriter,1
1212792,1
40ms,1
sokolov,1
broustant,1
50mb,1
ooms,1
bittables,1
copyof,1
hourly,1
aggree,1
027,1
162,1
040,1
862,1
393,1
912,1
byteorder,1
fileexists,1
expunging,1
expungedeletesmergepolicy,1
heavymergepolicy,1
segmentsizes,1
respecting,1
lightmergepolicy,1
findsegmentsformerge,1
emulating,1
382,1
211,1
598,1
403,1
791,1
088,1
988,1
457,1
stepping,1
3454,1
implication,1
discouraged,1
263,1
177,1
268,1
637,1
864,1
118,1
908,1
893,1
074,1
913,1
178,1
078,1
defaultformat,1
flimsy,1
subclassable,1
hesitation,1
sooner,1
427,1
375,1
516,1
923,1
292,1
096,1
248,1
987,1
249,1
798,1
399,1
187,1
473,1
483,1
059,1
071,1
241,1
103,1
097,1
342,1
298,1
809,1
039,1
090,1
082,1
028,1
899,1
099,1
setwriteoncemode,1
reorganized,1
3490,1
wed,1
tomorrow,1
illustrates,1
ized,1
coherent,1
unix,1
083,1
505,1
762,1
302,1
091,1
882,1
168,1
874,1
571,1
806,1
271,1
686,1
259,1
568,1
607,1
792,1
369,1
058,1
004,1
341,1
159,1
statistical,1
cater,1
recognise,1
satisfactory,1
3112,1
recursing,1
spookily,1
outputting,1
throwonexception,1
253,1
916,1
630,1
051,1
557,1
767,1
095,1
296,1
609,1
932,1
194,1
494,1
628,1
485,1
396,1
368,1
980,1
084,1
080,1
961,1
087,1
997,1
610,1
045,1
169,1
527,1
158,1
658,1
023,1
778,1
944,1
048,1
714,1
348,1
984,1
152,1
872,1
972,1
326,1
953,1
423,1
964,1
227,1
132,1
269,1
592,1
050,1
372,1
379,1
682,1
478,1
184,1
389,1
230,1
209,1
289,1
276,1
278,1
656,1
623,1
802,1
052,1
079,1
541,1
671,1
384,1
321,1
138,1
619,1
388,1
157,1
a5b,1
a4b,1
presentation,1
office,1
borrowing,1
interaction,1
trust,1
rebooted,1
transactional,1
433,1
909,1
708,1
285,1
591,1
257,1
775,1
773,1
930,1
718,1
273,1
156,1
492,1
952,1
324,1
652,1
244,1
154,1
685,1
299,1
025,1
936,1
904,1
887,1
538,1
085,1
180,1
309,1
127,1
390,1
689,1
828,1
glance,1
mitigated,1
stampede,1
penalizing,1
guarded,1
9002,1
8213,1
8027,1
7237,1
7235,1
604,1
906,1
452,1
638,1
744,1
569,1
counted,1
degrades,1
busy,1
uncachable,1
thrash,1
bang,1
inexpensive,1
snaphshot,1
crashed,1
denormalizing,1
key2,1
secondarily,1
2526,1
ceil,1
locates,1
migrades,1
honored,1
divergence,1
accumulated,1
solrcache,1
13817,1
8241,1
shelf,1
tease,1
infrequently,1
thrashing,1
reverted,1
fd0,1
harddisk,1
shm,1
symbolic,1
impression,1
runned,1
uploaded,1
preparatory,1
modularised,1
threadstates,1
dwptflushcontrol,1
reentrantlock,1
inherits,1
consitency,1
relaxing,1
assertingnumericdocvalues,1
dig,1
repurpose,1
somwhere,1
grammatical,1
intension,1
sortfields,1
reworking,1
9325,1
closest,1
mylibrary,1
acme,1
9319,1
9318,1
9317,1
redundent,1
warmed,1
cachekeys,1
expiration,1
completley,1
synch,1
eliminating,1
readfloats,1
shapequery,1
correlated,1
encryptable,1
stringtree,1
kindly,1
continuously,1
collet,1
yann,1
kafka,1
offical,1
classing,1
destroys,1
9115,1
falling,1
openfile,1
satsifying,1
entrant,1
knnvectorquery,1
writefloats,1
unreleased,1
binaryvalue,1
readlelongs,1
underflow,1
marshalling,1
datastore,1
delterm,1
adddocuments,1
atomically,1
incredible,1
luceneindex,1
indextype,1
lmdirichletsimilarity,1
booleansimilarity,1
expenditure,1
sparsebitset,1
fanout,1
grown,1
autoboxing,1
getneighbors,1
vectorvalue,1
boundedvectorvalues,1
insertwithoverflow,1
dotproduct,1
reflective,1
jdeps,1
isolation,1
realizing,1
gon,1
servet,1
depencies,1
unfriendly,1
drilldownquery,1
8711,1
sensible,1
concurrence,1
jited,1
11g,1
grant,1
ala,1
uncover,1
fool,1
unhardcode,1
additive,1
replicationclient,1
truncatedchunkexception,1
illustrating,1
buildfacetsresult,1
concurrentdrillsidewaysresult,1
drillsidewaysresult,1
lag,1
departure,1
enterprise,1
anybody,1
facetscollectors,1
facetcollectors,1
replicators,1
nonblocking,1
delicate,1
webserver,1
atomicboolean,1
cancellation,1
physical,1
cancelled,1
perfieldvectorformat,1
beamwidth,1
maxconn,1
similarityfunction,1
lucene90vectorformat,1
9855,1
clustervectorformat,1
hnswvectorformat,1
developing,1
9322,1
9850,1
piggybacking,1
reorganize,1
fststore,1
growablebytearraydataoutput,1
printinlining,1
onheapfststore,1
visualvm,1
revisit,1
9447,1
glorified,1
lunched,1
install,1
statscomponent,1
facetcomponent,1
ungrouped,1
fighting,1
triggered,1
decryption,1
9280,1
doccomparator,1
useable,1
evolving,1
custor,1
9619,1
10min,1
25min,1
filteredcodecreader,1
rearrange,1
9378,1
mailinglist,1
512kb,1
complementary,1
deceptive,1
reality,1
messed,1
reformat,1
joy,1
verifiable,1
formatted,1
configs,1
eliminates,1
doubly,1
getfield,1
someid,1
programmer,1
deeply,1
taglib,1
conceivable,1
rational,1
quirk,1
bill,1
shown,1
played,1
subjective,1
historically,1
containment,1
convey,1
literally,1
eyeballing,1
reformatted,1
violate,1
spotless,1
reservation,1
shoulder,1
checkstyle,1
initialise,1
recreate,1
ellipsis,1
sanitizing,1
assembling,1
assemble,1
tractable,1
hoss,1
bobo,1
poach,1
hugely,1
september,1
algorythm,1
cryptography,1
guaranteeing,1
organizing,1
tokendocvaluestype,1
trappiness,1
offloads,1
shooting,1
dick,1
moby,1
viewed,1
multitermawarecomponent,1
formerly,1
existed,1
progressively,1
actively,1
8kb,1
sorteddocvalueswriter,1
adddocs,1
updatedocs,1
runtimes,1
safepoint,1
jfr,1
entryset,1
burdensome,1
indeces,1
getfields,1
consulted,1
rewriteinterceptor,1
rewritecache,1
rewritestate,1
strain,1
licence,1
getsortedbysegmentsize,1
findmerges,1
docvaluestype,1
compressible,1
writeshort,1
individually,1
java9,1
propagating,1
adapts,1
kptr,1
paranoid,1
libs,1
djava,1
dyld,1
lib,1
tbd,1
histogram,1
reentrantlocks,1
contented,1
954,1
testcompresslucenelz4hcforked,1
432,1
147,1
testcompresslucenelz4hc,1
868,1
940,1
testcompresslucenelz4forkednoshort,1
945,1
testcompresslucenelz4forked,1
430,1
712,1
testcompresslucenelz4,1
bytearraydataoutput,1
64kb,1
observability,1
memorysegments,1
recombining,1
beased,1
natively,1
datainputs,1
reminded,1
727,1
bcprov,1
implementators,1
earwin,1
2868,1
walking,1
visting,1
freeze,1
testcompresslucenelz4hcforkednoshort,1
534,1
habit,1
svg,1
flame,1
infers,1
tolowercase,1
lowercaseanalyzer,1
tuned,1
accidental,1
blocktermswriter,1
128kb,1
resulted,1
negrin,1
victor,1
integral,1
satisfying,1
microbenchmark,1
139,1
5000,1
243,1
251,1
536,1
511,1
503,1
468,1
281,1
280,1
148,1
pointinsetquery,1
longpoint,1
mocking,1
materialize,1
termsinsetquery,1
233m,1
241m,1
174m,1
193m,1
133m,1
140m,1
114m,1
113m,1
238,1
196,1
3174,1
2564,1
371,1
3030,1
2597,1
214,1
unfortunate,1
moduleimplementation,1
moduleapi,1
elegant,1
391m,1
392m,1
unpositioned,1
exactonly,1
pulsingtree,1
standardtree,1
blocktreetermswriter,1
isdeleted,1
worthiness,1
convince,1
315m,1
314m,1
ucene,1
retained,1
selling,1
tochildblockjoinquery,1
watch,1
monitoring,1
1mln,1
comprises,1
fieldselectorresults,1
755,1
stringtokenstream,1
10145,1
basesorttestcase,1
sorterbenchmark,1
numchildren,1
relating,1
subproject,1
subprojects,1
adversarial,1
protective,1
intro,1
exceed,1
introspective,1
ninther,1
tukey,1
submits,1
etl,1
functionalinterface,1
pointvaluesreader,1
friction,1
cursor,1
9820,1
yoes,1
abrebotellas,1
lapsus,1
jueves,1
crisis,1
robot,1
punk,1
complots,1
feminine,1
masculine,1
distinguishes,1
wikilengua,1
spanishpluralstemmer,1
whilst,1
spanishpluralstemfilter,1
testable,1
injects,1
asm,1
injected,1
interestingly,1
bytecode,1
detached,1
unusable,1
recreating,1
ripple,1
tooling,1
embrace,1
grammatically,1
amig,1
faralaes,1
itemes,1
clubes,1
hyperrectangles,1
hyperrectangle,1
slowest,1
exhausting,1
sneak,1
pr,1
automation,1
transitive,1
confused,1
con,1
guideline,1
white,1
rethink,1
luke,1
anticipate,1
cope,1
2021,1
academy,1
nomadland,1
film,1
motivating,1
drilling,1
compliment,1
doublerangefacets,1
longrangefacets,1
acually,1
refreshed,1
centralizing,1
standardized,1
fetched,1
discarded,1
synchroniztion,1
burning,1
heuristically,1
inform,1
shut,1
comparative,1
apachecon,1
contiguous,1
sale,1
bytebuffersindexinput,1
fruit,1
hanging,1
bytebuffersdatainput,1
sdata,1
unification,1
8816,1
refinement,1
mergenumericfield,1
60x,1
sensor,1
druid,1
aggregatemergetree,1
clickhouse,1
sketching,1
unindexed,1
reprocess,1
532,1
inverts,1
miserable,1
600,1
occupies,1
equally,1
wholly,1
termfilter,1
arrayutil,1
recognize,1
10412,1
continuous,1
gf2121,1
decreasing,1
sizing,1
bool,1
totalhitsthreshold,1
recompressing,1
deduplicating,1
uncommon,1
drain,1
unintuitive,1
relates,1
variability,1
treatment,1
knnvectorsreader,1
knnvectorfield,1
probe,1
filterpath,1
evaluating,1
recompress,1
excess,1
5309,1
5300,1
invokeinterface,1
invokevirtual,1
grcevski,1
termfilteredpresearcher,1
presearcher,1
